Site,Yparm,method,rows,created,ownername,edited,transfer,
ADATUNCO,Q,LINEAR,29,1-May-17,WPECK,15JUL07 0849,....... ....,
ADATUNCO,QC,LINEAR,44,91JUN03,CLORA,02DEC11 1353,....... ....,
AGR,ACE,ACECOEF,38,5-Oct-04,DKNUTESON,15JUN09 0738,....... ....,
AGR,AFOLD,LINEAR,180,87MAR05,LDEAVILA,05OCT04 1555,....... ....,
AGR,HH,GSSHIFT2,3,8-Nov-04,DKNUTESON,15JUN11 0818,....... ....,
AGR,OLDQR,LINEAR,3,87JUL17,LDEAVILA,08NOV04 0936,....... ....,
AGR,QR,GSLOG2,5,87JUL17,LDEAVILA,15JUN08 1135,....... ....,
AGR,QROLD,LINEAR,109,87JUL17,LDEAVILA,08NOV04 0904,....... ....,
AINE,QC,GSLOGLOG,42,97MAY29,LDEAVILA,98MAR06 1155,....... ....,1
ALCR,AF,LINEAR,131,91SEP06,GSANO,91SEP06 1351,....... ....,2
ALFVALMT,QC,GSLOGLOG,4,88NOV18,SGUENTHNE,92MAY22 1305,....... ....,
ALTUS,ACE,ACECOEF,28,12-Apr-27,LDEAVILA,12APR27 1332,....... ....,
ALTUS,AF,LINEAR,107,90OCT24,RMICHEL,12APR27 1119,....... ....,
ALTUS,QS,LINEAR,17,87JUL09,PDAVIDSON,91MAR26 1346,....... ....,
ANCR,AF,LINEAR,132,87APR13,BCANNON,14JUL16 0921,....... ....,
ARBUCK,AF,LINEAR,142,90OCT22,LDEAVILA,12APR10 1116,....... ....,
ARBUCK,AR,LINEAR,142,12-Apr-09,LDEAVILA,12APR10 1347,....... ....,
ARGY,QC,GSLOGLOG,4,13-Aug-05,CSCHWIEGE,13AUG05 1052,....... ....,
ARKAVOCO,HH,GSSHIFT2,1,1-Mar-29,CLORA,08NOV14 0842,....... ....,
ARKAVOCO,Q,GSLOG2,126,95JUL11,CLORA,15JUL15 0510,....... ....,
ARKCANCO,Q,LINEAR,794,95JUL11,LDEAVILA,11OCT27 1439,....... ....,
ARKGRACO,HH,GSSHIFT2,3,1-Mar-29,CLORA,08OCT31 1220,....... ....,
ARKGRNCO,HH,GSSHIFT2,0,1-Mar-29,CLORA,09JAN14 1358,....... ....,
ARKGRNCO,Q,LINEAR,59,1-May-09,CLORA,15JUN20 0510,....... ....,
ARKNATCO,HH,GSSHIFT2,0,1-Mar-29,CLORA,09JAN14 1402,....... ....,
ARKNATCO,Q,GSLOGLOG,69,93MAY18,CLORA,15JUL14 0510,....... ....,
ARKNEPCO,Q,LINEAR,602,95JUL11,RMICHEL,11OCT27 1331,....... ....,
ARKPORCO,Q,LINEAR,1428,95JUL11,RMICHEL,11OCT27 1442,....... ....,
ARKPUECO,Q,LINEAR,821,91JAN30,CLORA,11NOV02 1045,....... ....,2
ARKSALCO,Q,LINEAR,22,93JUN23,CLORA,04JUN01 0847,....... ....,
ARKWELCO,Q,LINEAR,56,92JUN05,LHOPKINS,93JUL02 1558,....... ....,
ARMT,HH,GSSHIFT2,3,92JUL21,DKNUTESON,15JUL06 0852,....... ....,
ARMT,Q,GSLOG2,18,9-Dec-31,DKNUTESON,15JUL06 0854,....... ....,
ARNE,ACE,ACECOEF,9,2-May-21,CSCHWIEGE,02MAY21 1053,....... ....,
ARWT,HH,GSSHIFT2,3,92JUL21,DKNUTESON,15JUL06 0839,....... ....,
ARWT,Q,GSLOG2,32,87JAN14,LDEAVILA,15MAY21 1611,....... ....,
BABM,HH,GSSHIFT2,2,92JUL21,NPHELPS,14JUL18 1056,....... ....,
BABM,Q,GSLOG2,117,88OCT04,NPHELPS,15JUL08 0510,....... ....,
BACK,HH,GSSHIFT2,2,92JUL21,NPHELPS,14SEP11 1354,....... ....,
BACK,Q,GSLOG2,223,88AUG18,NPHELPS,15JUL03 0510,....... ....,
BANE,QC,LINEAR,324,98MAR04,LDEAVILA,98APR16 1421,....... ....,
BAWNE,QC,LINEAR,23,10-Jul-01,WPECK,14JUL29 1317,....... ....,
BBNE,ACE,ACECOEF,22,94AUG15,WPECK,13OCT09 0803,....... ....,
BBNE,OLDAF,LINEAR,80,92MAY26,MROUSE,08JAN09 0728,....... ....,
BBNE,QR,GSLOGLOG,29,93NOV02,WPECK,13JUN13 1454,....... ....,
BBR,ACE,ACECOEF,46,89MAY08,NPHELPS,93MAR16 0843,....... ....,
BBR,ACEOLD,ACECOEF,46,89MAY08,NPHELPS,92MAY01 0737,....... ....,
BBR,NEW,ACECOEF,46,89MAY08,NPHELPS,92APR30 1342,....... ....,
BBR,OLD,LINEAR,181,88SEP23,NPHELPS,91NOV13 0921,....... ....,
BBRNFD,ACE,ACECOEF,5,96APR10,CSCHWIEGE,08APR23 1042,....... ....,
BBRSFD,ACE,ACECOEF,9,96APR10,CSCHWIEGE,08APR23 1042,....... ....,
BBTM,HH,GSSHIFT2,3,92JUL21,NPHELPS,14JUL23 1028,....... ....,
BBTM,Q,GSLOG2,74,88OCT04,NPHELPS,15JAN29 0510,....... ....,
BBWY,HH,GSSHIFT2,3,1-May-14,CSCHWIEGE,15JUN03 0753,....... ....,
BBWY,Q,GSLOG2,50,1-May-14,CSCHWIEGE,12MAR19 1445,....... ....,
BCBCNE,Q,GSLOGLOG,23,98APR30,CSCOTT,05APR20 0859,....... ....,
BCBM,HH,GSSHIFT2,3,92JUL21,NPHELPS,04JUN24 0852,....... ....,
BCBM,Q,GSLOG2,10,88OCT04,NPHELPS,04MAR17 1019,....... ....,
BCHM,HH,GSSHIFT2,3,92JUL21,NPHELPS,14SEP11 1402,....... ....,
BCHM,Q,GSLOG2,177,88OCT04,NPHELPS,15JUL15 0510,....... ....,
BCIB,HH_M,GSSHIFT2,3,92JUL21,NPHELPS,09SEP04 1402,....... ....,
BCIB,Q,GSLOG2,30,88OCT04,LDEAVILA,08FEB15 0841,....... ....,
BCIB,Q_M,GSLOG2,36,88AUG18,NPHELPS,09MAY06 1052,....... ....,
BCLM,HH,GSSHIFT2,2,92JUL21,NPHELPS,15JUL06 1440,....... ....,
BCLM,Q,GSLOG2,169,88OCT04,NPHELPS,15JUL06 1425,....... ....,
BCWY,QC,GSLOGLOG,9,6-Apr-05,CSCHWIEGE,15JUN18 0920,....... ....,
BDCM,HH,GSSHIFT2,2,92JUL21,NPHELPS,14SEP11 1348,....... ....,
BDCM,Q,GSLOG2,64,88DEC28,NPHELPS,15JUN06 0510,....... ....,
BDNE,Q,LINEAR,32,90JUL18,MROUSE,11MAY19 0929,....... ....,
BESDITCO,QC,LINEAR,23,91JUN03,MHENNEBER,08MAR17 1048,....... ....,
BFCE,HJ,GSSHIFT2,2,8-Dec-17,LDEAVILA,15FEB25 1618,....... ....,
BFCE,QC,GSLOG2,13,88OCT06,LDEAVILA,14OCT14 1607,....... ....,
BFR,ACE,ACECOEF,37,7-Oct-01,JTHIEL,10MAR03 0830,....... ....,
BFR,AF,LINEAR,147,88MAR03,LDEAVILA,07OCT02 1003,....... ....,
BFWY,HH,GSSHIFT2,2,8-Dec-17,LDEAVILA,15JUN22 1612,....... ....,
BFWY,Q,GSLOG2,25,96SEP23,LDEAVILA,14OCT09 1010,....... ....,
BHDM,HH,GSSHIFT2,2,92JUL21,NPHELPS,14SEP11 1339,....... ....,
BHDM,OFF,LINEAR,3,6-Aug-24,NPHELPS,15MAY19 0746,....... ....,
BHDM,Q,GSLOG2,63,88OCT04,NPHELPS,15MAY20 0510,....... ....,
BHGM,HH,GSSHIFT2,3,92JUL21,NPHELPS,14SEP11 1340,....... ....,
BHGM,Q,GSLOG2,64,88OCT04,NPHELPS,15JUL03 0510,....... ....,
BHMT,HH,GSSHIFT2,2,92JUL21,NPHELPS,14SEP11 1406,....... ....,
BHMT,Q,GSLOG2,112,88OCT05,NPHELPS,15JAN28 0510,....... ....,
BHR,ACE,ACECOEF,39,89MAY08,NPHELPS,11JAN05 0830,....... ....,
BHR,ACEOLD,ACECOEF,41,89MAY08,NPHELPS,11JAN03 0742,....... ....,
BHR,OLD,LINEAR,180,87JAN14,NPHELPS,95AUG02 0718,....... ....,
BHRW,Q,GSLOGLOG,7,2-Apr-22,CSCHWIEGE,15JUN03 0902,....... ....,
BHSX,ACE,ACECOEF,27,89MAY08,NPHELPS,03OCT07 0910,....... ....,
BHSX,HH,GSSHIFT2,3,92JUL21,CJORDAN,15JUL06 1638,....... ....,
BHSX,HJ,GSSHIFT2,2,92JUL21,CJORDAN,15JUL06 1639,....... ....,
BHSX,OLD,LINEAR,180,89JUL13,NPHELPS,03OCT07 0910,....... ....,
BHSX,QC,GSLOG2,8,88OCT06,NPHELPS,13DEC19 1409,....... ....,
BHSX,QC1,GSLOGLOG,6,88OCT06,NPHELPS,13AUG06 0953,....... ....,
BHSX,QR,GSLOG2,28,88OCT04,NPHELPS,11AUG12 1103,....... ....,
BHSX,QR1,GSLOGLOG,28,88OCT04,NPHELPS,06NOV21 1114,....... ....,
BHWM,HH,GSSHIFT2,2,92JUL21,NPHELPS,14SEP11 1339,....... ....,
BHWM,OFF,LINEAR,2,6-Aug-24,NPHELPS,15MAY26 0802,....... ....,
BHWM,Q,GSLOG2,57,88OCT04,NPHELPS,15MAY19 0510,....... ....,
BHWY,QC,GSLOGLOG,5,6-Apr-05,CSCHWIEGE,12JAN24 1058,....... ....,
BIL,HH,GSSHIFT2,2,92JUL21,NPHELPS,14JUL28 1500,....... ....,
BIL,OFF,LINEAR,3,6-Aug-24,NPHELPS,15MAY19 0752,....... ....,
BIL,Q,GSLOG2,141,88AUG16,NPHELPS,14SEP11 1348,....... ....,
BLAY,HH,GSSHIFT2,3,92JUL21,CSCHWIEGE,15JUN23 0755,....... ....,
BLAY,Q,GSLOG2,18,89JAN12,CSCHWIEGE,11SEP27 0810,....... ....,
BLCK,HH,GSSHIFT2,3,92JUL21,CSCHWIEGE,15JUL16 0924,....... ....,
BLCK,OFF,LINEAR,3,9-Aug-05,CSCHWIEGE,15MAR26 1343,....... ....,
BLCK,Q,GSLOG2,37,89JAN12,CSCHWIEGE,14JUL30 0832,....... ....,
BLDM,HH,GSSHIFT2,2,92JUL21,NPHELPS,14SEP11 1340,....... ....,
BLDM,Q,GSLOG2,54,88OCT04,NPHELPS,15JUN25 0510,....... ....,
BLR,AF,LINEAR,132,87JAN14,PDAVIDSON,96JUN20 1505,....... ....,
BLUDILCO,HH,GSSHIFT2,0,1-Mar-29,CLORA,09JAN14 1407,....... ....,
BLUDILCO,Q,GSLOG2,37,95JUL11,CLORA,14OCT10 0510,....... ....,
BLUGRECO,HH,GSSHIFT2,0,1-Mar-29,CLORA,09JAN14 1350,....... ....,
BLUGRECO,Q,GSLOG2,128,95JUL11,MHENNEBER,15JUN27 0510,....... ....,
BONC,ACE,ACECOEF,22,94AUG15,MROUSE,11MAY27 1147,....... ....,
BOUTUNCO,HH,GSSHIFT2,71,1-Mar-29,LHOPKINS,15MAY18 0444,....... ....,
BOUTUNCO,Q,GSLOG2,61,90JUL13,VLEE,15FEB18 1039,....... ....,
BOYR,ACE,ACECOEF,27,96OCT23,CSCHWIEGE,01AUG30 1240,....... ....,
BRDM,HH,GSSHIFT2,3,92JUL21,NPHELPS,14SEP11 1337,....... ....,
BRDM,OFF,LINEAR,2,6-Aug-24,SMICEK,15JUN25 0837,....... ....,
BRDM,Q,GSLOG2,43,88DEC28,NPHELPS,15JUL03 0510,....... ....,
BRTB,HH,GSSHIFT2,2,92JUL21,NPHELPS,14SEP11 1338,....... ....,
BRTB,Q,GSLOG2,35,88SEP14,NPHELPS,15JUL08 0510,....... ....,
BSCK,HH,GSSHIFT2,2,92JUL21,NPHELPS,14SEP11 1353,....... ....,
BSCK,Q,GSLOG2,85,88AUG18,NPHELPS,15JUL03 0510,....... ....,
BTABESCO,Q,LINEAR,34,1-May-09,CLORA,11JUN21 1006,....... ....,
BTBLESCO,Q,LINEAR,71,1-May-09,CLORA,01MAY09 0931,....... ....,
BTCANYCO,Q,LINEAR,47,91JAN30,CLORA,02APR17 1559,....... ....,
BTDM,Q,GSLOGLOG,30,88DEC28,NPHELPS,97MAY19 0826,....... ....,
BTNFDRCO,Q,LINEAR,241,91JAN30,LDEAVILA,11OCT27 1445,....... ....,
BUSTUNCO,Q,LINEAR,401,11-Oct-27,LDEAVILA,11OCT27 1456,....... ....,
BVB,HH,GSSHIFT2,3,92JUL21,NPHELPS,14SEP11 1337,....... ....,
BVB,Q,GSLOG2,23,88DEC28,NPHELPS,15JUL03 0510,....... ....,
BVTB,HH,GSSHIFT2,3,92JUL21,NPHELPS,14SEP11 1337,....... ....,
BVTB,Q,GSLOG2,50,88SEP14,NPHELPS,15JUL03 0510,....... ....,
BWNE,QC,LINEAR,201,98MAR04,CSCOTT,02MAY29 0754,....... ....,
CAAWNE,QC,LINEAR,8,14-Jul-31,HYDROMET,14JUL31 0848,....... ....,
CANE,AF,LINEAR,85,94JAN04,WPECK,15JUN15 0918,....... ....,
CAOXNE,QC,LINEAR,46,10-Jul-01,MROUSE,11JUL15 0816,....... ....,
CARDIVCO,Q,LINEAR,21,91JUN03,CLORA,05MAY11 1516,....... ....,
CARDIVCO,QC,LINEAR,21,91JUN03,CLORA,05MAY11 1510,....... ....,
CARE,Q,GSLOGLOG,29,91APR01,GSANO,91APR08 0951,....... ....,
CARTERCO,AF,LINEAR,156,91JAN28,CLORA,05MAR11 1032,....... ....,
CARTERCO,Q,LINEAR,60,91JUN03,GSANO,91JUN03 1507,....... ....,
CASM,HH,GSSHIFT2,2,92JUL21,NPHELPS,14SEP11 1344,....... ....,
CASM,Q,GSLOG2,34,88OCT04,NPHELPS,15MAY23 0510,....... ....,
CAWNE,QCT,LINEAR,25,10-Jul-16,WPECK,14JUL29 1316,....... ....,
CAWY,QC,GSLOGLOG,9,8-May-20,CSCHWIEGE,08MAY20 0723,....... ....,
CBCM,HH,GSSHIFT2,3,92JUL21,NPHELPS,14SEP11 1348,....... ....,
CBCM,Q,GSLOG2,101,88OCT04,NPHELPS,15JUL08 0510,....... ....,
CBKM,HH,GSSHIFT2,2,92JUL21,NPHELPS,14SEP11 1348,....... ....,
CBKM,OFF,LINEAR,1,6-Aug-24,NPHELPS,13MAY16 0935,....... ....,
CBKM,Q,GSLOG2,40,88OCT04,NPHELPS,15JAN06 0510,....... ....,
CBKS,ACE,ACECOEF,25,94AUG15,CSCOTT,02MAY29 0949,....... ....,
CBKS,OLD,LINEAR,125,94AUG24,LDEAVILA,99APR23 1438,....... ....,
CBKS,OLDACE,ACECOEF,42,94AUG15,CSCOTT,02MAY29 0944,....... ....,
CCDT,AF,LINEAR,100,93NOV15,RMICHEL,12APR23 1352,....... ....,
CCDT,AR,LINEAR,183,12-Apr-09,LDEAVILA,12APR19 1646,....... ....,
CCFRNE,OLD,GSLOGLOG,2,98APR30,LDEAVILA,03APR29 1042,....... ....,
CCFRNE,Q,GSLOGLOG,20,98APR30,MROUSE,10JUN29 0703,....... ....,
CCNE,QC,LINEAR,44,00MAY15,LDEAVILA,12JAN10 1303,....... ....,
CCR,ACE,ACECOEF,23,89MAY08,NPHELPS,01OCT05 1040,....... ....,
CCR,NJP,LINEAR,180,87JAN14,NPHELPS,99APR20 1029,....... ....,
CCR,OLD,ACECOEF,52,89MAY08,NPHELPS,01OCT05 1041,....... ....,
CCR,QS,LINEAR,31,87FEB23,NPHELPS,02AUG01 0658,....... ....,
CCWY,Q,GSLOGLOG,9,98APR27,RDSMITH,02APR30 0953,....... ....,
CDNE,Q,LINEAR,36,90JUL18,WPECK,14AUG14 0809,....... ....,
CDNE,QC,LINEAR,414,99JUN07,LDEAVILA,99JUN07 1443,....... ....,
CEGM,HJ,GSSHIFT2,4,92JUL21,NPHELPS,11FEB28 1507,....... ....,
CEGM,QC,GSLOGLOG,4,88APR14,NPHELPS,12FEB17 1030,....... ....,
CFBM,HH,GSSHIFT2,1,92JUL21,NPHELPS,12JUN14 1414,....... ....,
CFBM,Q,GSLOG2,5,88DEC28,NPHELPS,04MAR17 1051,....... ....,
CFR,ACE,ACECOEF,38,89MAY08,NPHELPS,98DEC16 1014,....... ....,
CFR,ACEOLD,ACECOEF,102,89MAY08,NPHELPS,98OCT02 1123,....... ....,
CFR,OLD,LINEAR,145,87JAN14,NPHELPS,94JUL05 1534,....... ....,
CFRSAT,ACE,ACECOEF,38,89MAY08,NPHELPS,98DEC01 1336,....... ....,
CHENEY,AF,LINEAR,166,90OCT22,RMICHEL,12APR09 1434,....... ....,
CHENEY,AR,LINEAR,43,12-Apr-09,LDEAVILA,12APR17 1049,....... ....,
CHPDIVCO,Q,GSLOGLOG,19,91JUN03,VLEE,13JUN24 1259,....... ....,
CHPDIVCO,QC,LINEAR,23,91JUN03,VLEE,15JAN09 1017,....... ....,
CLAFORCO,HH,GSSHIFT2,0,1-Mar-29,CLORA,09JAN14 1407,....... ....,
CLAFORCO,Q,GSLOG2,111,95JUL11,CLORA,15JUN12 0510,....... ....,
CLAFTCCO,Q,LINEAR,70,91JAN30,CLORA,01MAY11 1118,....... ....,
CLCK,HH,GSSHIFT2,3,92JUL21,NPHELPS,14SEP11 1354,....... ....,
CLCK,Q,GSLOG2,94,88AUG18,NPHELPS,15JUL03 0510,....... ....,
CLMT,HH,GSSHIFT2,2,92JUL21,NPHELPS,14SEP11 1404,....... ....,
CLMT,OFF,LINEAR,1,6-Aug-24,NPHELPS,13AUG21 1321,....... ....,
CLMT,Q,GSLOG2,188,88AUG22,NPHELPS,15MAY21 0510,....... ....,
CMBM,HJ,GSSHIFT2,2,92JUL21,NPHELPS,11FEB28 1507,....... ....,
CMBM,QC,GSLOGLOG,3,88APR14,NPHELPS,12FEB17 1029,....... ....,
CMO,AF,LINEAR,67,94AUG10,NPHELPS,94AUG10 1025,....... ....,
COBB,ACE,ACECOEF,17,94JUL20,LDEAVILA,12MAY08 1324,....... ....,
COBC,Q,GSLOGLOG,35,91OCT21,GSANO,91OCT21 1240,....... ....,
COLCAMCO,HH,GSSHIFT2,0,1-Mar-29,CLORA,09JAN14 1350,....... ....,
COLCAMCO,Q,GSLOG2,109,95JUL11,CLORA,15JUL15 0510,....... ....,
COLCHICO,Q,LINEAR,49,96FEB29,CLORA,01MAY29 1153,....... ....,
COLDITCO,HH,GSSHIFT2,5,1-Mar-29,MHENNEBER,06MAY19 0708,....... ....,
COLDITCO,Q,GSLOG2,21,95JUL11,MHENNEBER,06MAY19 0706,....... ....,
COLDOTCO,HH,GSSHIFT2,0,1-Mar-29,CLORA,09JAN14 1351,....... ....,
COLDOTCO,Q,GSLOG2,134,95JUL11,CLORA,15JUN03 0510,....... ....,
COLGBYCO,Q,LINEAR,21,90JUL16,CLORA,01NOV02 0816,....... ....,
COLGLECO,HH,GSSHIFT2,0,1-Mar-29,CLORA,09JAN14 1353,....... ....,
COLGLECO,Q,GSLOG2,98,95JUL11,CLORA,15MAY30 0510,....... ....,
COLKRECO,HH,GSSHIFT2,0,1-Mar-29,CLORA,09JAN14 1351,....... ....,
COLKRECO,Q,GSLOG2,130,95JUL11,CLORA,15MAY30 0510,....... ....,
COLNGBCO,HH,GSSHIFT2,0,1-Mar-29,CLORA,12JUL26 1623,....... ....,
COLNGBCO,OLDQ,GSLOG2,57,95JUL11,LDEAVILA,12JUL26 1610,....... ....,
COLNGBCO,Q,GSLOG2,51,95JUL11,LDEAVILA,15JUL16 0510,....... ....,
COLPALCO,HH,GSSHIFT2,3,1-Mar-29,CLORA,09JAN15 0915,....... ....,
COLPALCO,Q,GSLOG2,99,95JUL11,CLORA,15FEB04 0510,....... ....,
COLSULCO,Q,LINEAR,51,90JUL06,PDAVIDSON,90JUL06 1542,....... ....,
COLUTACO,HH,GSSHIFT2,0,1-Mar-29,CLORA,09JAN14 1355,....... ....,
COLUTACO,Q,GSLOG2,166,95JUL11,LDEAVILA,15JUN12 0510,....... ....,
CONE,QC,GSLOGLOG,32,98MAR04,CSCOTT,04MAY26 0747,....... ....,
CRBT,HH,GSSHIFT2,3,92JUL21,LDEAVILA,15JUL01 1104,....... ....,
CRBT,Q,GSLOG2,25,92MAR25,LDEAVILA,15APR16 1011,....... ....,
CRED,HH,GSSHIFT2,2,8-Oct-29,DKNUTESON,15JUL16 1355,....... ....,
CRED,OLD,GSLOGLOG,26,88OCT18,LDEAVILA,03MAR19 1429,....... ....,
CRED,Q,GSLOG2,18,88OCT18,LDEAVILA,15JUL16 1416,....... ....,
CUNE,QC,LINEAR,320,98MAR04,LDEAVILA,98MAY20 1111,....... ....,
CXNE,QC,LINEAR,410,98MAR04,CSCOTT,02MAY29 0656,....... ....,
DANE,AF,LINEAR,41,94AUG15,CSCOTT,06MAY04 1231,....... ....,
DCABNE,QC,LINEAR,129,98MAR04,WPECK,12SEP20 0813,....... ....,
DCBY,HH,GSSHIFT2,3,92JUL21,CSCHWIEGE,15JUL16 0924,....... ....,
DCBY,Q,GSLOG2,31,89JAN12,CSCHWIEGE,14APR09 1010,....... ....,
DCCY,QC,GSLOGLOG,21,11-May-10,CSCHWIEGE,11MAY10 1551,....... ....,
DFR,ACE,ACECOEF,23,94MAY03,GSANO,94MAY03 0740,....... ....,
DFR,QS,LINEAR,9,87FEB25,RMICHEL,11MAY31 1406,....... ....,
DFRT,HH,GSSHIFT2,3,4-Aug-11,LDEAVILA,15MAY19 0944,....... ....,
DFRT,Q,GSLOG2,21,4-Aug-11,DKNUTESON,15FEB06 1214,....... ....,
DILRESCO,AF,LINEAR,142,96FEB13,GSANO,96FEB13 1044,....... ....,
DILTUNCO,Q,LINEAR,53,1-May-09,CLORA,06JUL10 1525,....... ....,
DILTUNCO,QC,LINEAR,29,1-May-09,MHENNEBER,07OCT23 0956,....... ....,
DODNTHMT,QC,GSLOGLOG,19,90FEB22,SGUENTHNE,90JUL16 1021,....... ....,
DODSTHMT,QC,GSLOGLOG,15,90FEB22,SGUENTHNE,90JUL16 1019,....... ....,
DRBY,HH,GSSHIFT2,3,95AUG14,CSCHWIEGE,05JUL13 0959,....... ....,
DRBY,Q,GSLOG2,32,89JAN12,CSCHWIEGE,07MAR20 1426,....... ....,
DRMT,HH,GSSHIFT2,3,92JUL21,NPHELPS,14SEP11 1344,....... ....,
DRMT,OFF,LINEAR,2,6-Aug-24,NPHELPS,15MAY20 0903,....... ....,
DRMT,Q,GSLOG2,56,88OCT04,NPHELPS,15JUL16 0510,....... ....,
DUKT,HH,GSSHIFT2,2,92JUL21,LDEAVILA,14NOV18 0831,....... ....,
DUKT,OLD,LINEAR,34,95APR13,LDEAVILA,03APR22 0952,....... ....,
DUKT,Q,GSLOG2,13,95APR13,LDEAVILA,13JAN04 0950,....... ....,
DUNE,QC,LINEAR,351,9-Aug-14,LDEAVILA,09AUG18 1539,....... ....,
EAPR,ACE,ACECOEF,11,95OCT02,LDEAVILA,01NOV13 1135,....... ....,
EAPR,QS,LINEAR,101,87FEB20,LDEAVILA,99APR09 1459,....... ....,
ECAMNE,Q,GSLOGLOG,19,98APR30,WPECK,13NOV20 1232,....... ....,
EDEN,HH,GSSHIFT2,3,92JUL21,NPHELPS,14SEP11 1345,....... ....,
EDEN,Q,GSLOG2,84,88OCT04,NPHELPS,15JAN13 0510,....... ....,
EDNE,ACE,ACECOEF,40,99FEB03,CSCOTT,99FEB03 1246,....... ....,
EDNE,OLD,LINEAR,71,95JUL12,CSCOTT,99FEB03 1357,....... ....,
EWIDITCO,HH,GSSHIFT2,5,1-Mar-29,MHENNEBER,06MAY15 1247,....... ....,
EWIDITCO,Q,GSLOG2,30,95JUL11,MHENNEBER,06MAY16 1020,....... ....,
FCABNE,Q,GSLOGLOG,17,98APR30,MROUSE,10JUN29 0719,....... ....,
FCNE,QC,GSLOGLOG,16,1-May-17,CSCHWIEGE,01MAY17 0858,....... ....,
FCWDCNE,QC,LINEAR,211,99JUN07,CSCOTT,03JUL17 0649,....... ....,
FCWICNE,QC,LINEAR,211,99JUN07,CSCOTT,03JUL17 0648,....... ....,
FCWY,QC,GSLOGLOG,22,1-May-17,CSCHWIEGE,08JUN13 0809,....... ....,
FISHESCO,Q,LINEAR,52,1-May-09,CLORA,01MAY09 1713,....... ....,
FLARESCO,AF,LINEAR,34,91JAN28,CLORA,03JAN31 0857,....... ....,
FLMT,Q,GSLOGLOG,20,88AUG23,NPHELPS,94MAY18 1413,....... ....,
FLWY,Q,GSLOGLOG,9,87OCT14,KBUCKALLE,13OCT23 0942,....... ....,
FMSY,HH,GSSHIFT2,3,1-May-29,CSCHWIEGE,15JUL15 0849,....... ....,
FMSY,Q,GSLOG2,27,88OCT04,CSCHWIEGE,12MAR19 1438,....... ....,
FOSS,ACE,ACECOEF,69,12-Apr-27,RMICHEL,13AUG08 1104,....... ....,
FOSS,AF,LINEAR,199,90OCT23,RMICHEL,12APR27 1352,....... ....,
FOUACSCO,HH,GSSHIFT2,0,2-Apr-26,CLORA,09JAN14 1409,....... ....,
FOUACSCO,Q,GSLOG2,58,95JUL11,CLORA,15JUL07 0510,....... ....,
FOUPINCO,HH,GSSHIFT2,0,94SEP13,CLORA,09JAN14 1409,....... ....,
FOUPINCO,Q,GSLOG2,150,2-Apr-26,CLORA,15JUL01 0510,....... ....,
FOUPUECO,HH,GSSHIFT2,0,2-Apr-26,CLORA,09JAN14 1410,....... ....,
FOUPUECO,Q,GSLOG2,107,2-Apr-26,CLORA,15JUL01 0510,....... ....,
FPNE,QC,LINEAR,131,00MAY15,LDEAVILA,15JUL07 1325,....... ....,
FRAWINCO,HH,GSSHIFT2,0,2-Apr-26,CLORA,09JAN14 1352,....... ....,
FRAWINCO,Q,GSLOG2,27,2-Apr-26,CLORA,15JUL15 0510,....... ....,
FRAWNDCO,Q,LINEAR,69,94MAY13,CLORA,02APR16 0907,....... ....,
FRBM,HH,GSSHIFT2,3,92JUL21,NPHELPS,03SEP02 1156,....... ....,
FRBM,Q,GSLOG2,41,88OCT04,NPHELPS,03SEP02 1528,....... ....,
FRCT,HH,GSSHIFT2,3,4-Aug-11,LDEAVILA,15MAR13 1454,....... ....,
FRCT,Q,GSLOGLOG,16,4-Aug-11,LDEAVILA,15JUN04 1447,....... ....,
FRDT,HH,GSSHIFT2,3,4-Apr-08,LDEAVILA,15JUL01 1113,....... ....,
FRDT,Q,GSLOG2,28,87JAN14,LDEAVILA,15APR29 1003,....... ....,
FRR,ACE,ACECOEF,35,89MAY08,CJORDAN,13OCT17 1414,....... ....,
FRR,ACEOLD,ACECOEF,13,89MAY08,CJORDAN,13OCT17 1334,....... ....,
FRR,OLD,LINEAR,136,87JAN14,NPHELPS,00DEC14 1530,....... ....,
FRR,QS,LINEAR,152,87FEB20,CHEINJE,10JUN14 0817,....... ....,
FRTT,HH,GSSHIFT2,3,92JUL21,DKNUTESON,15JUL06 0911,....... ....,
FRTT,Q,GSLOG2,27,87JAN14,DKNUTESON,15JUL06 0915,....... ....,
FRUT,HH,GSSHIFT2,3,4-Apr-08,DKNUTESON,15JUL07 1031,....... ....,
FRUT,Q,GSLOG2,21,87JAN14,DKNUTESON,15JUL07 1124,....... ....,
FRYDIVCO,Q,LINEAR,13,91JUN03,CLORA,05APR28 0909,....... ....,
FRYDIVCO,QC,LINEAR,23,91JUN03,CLORA,05MAY11 1251,....... ....,
FRYMERCO,Q,LINEAR,41,2-Apr-15,CLORA,02APR15 1005,....... ....,
FRYRUDCO,HH,GSSHIFT2,0,1-Mar-29,CLORA,09JAN14 1356,....... ....,
FRYRUDCO,Q,GSLOG2,31,95JUL11,CLORA,15JUN06 0510,....... ....,
FRYTHOCO,Q,LINEAR,29,95JUL11,CLORA,09NOV03 1424,....... ....,
FSDM,QC,GSLOGLOG,4,88OCT04,NPHELPS,02DEC17 0756,....... ....,
FSDM,QR,GSLOGLOG,44,88OCT04,NPHELPS,02DEC17 0755,....... ....,
FUNE,QC,LINEAR,50,98MAR04,CSCOTT,04MAY25 1137,....... ....,
GCRM,HH,GSSHIFT2,2,92JUL21,NPHELPS,09SEP11 1007,....... ....,
GCRM,Q,GSLOG2,5,88OCT04,NPHELPS,06MAY16 1043,....... ....,
GDSNE,,GSLOGLOG,13,14-Jul-28,WPECK,15JUL09 1055,....... ....,
GDSNE,Q,GSLOGLOG,13,3-Apr-29,WPECK,14JUL28 1017,....... ....,
GDSNE,QRW,GSLOGLOG,13,3-Apr-29,RMICHEL,04MAY05 1346,....... ....,
GDWY,AF,LINEAR,49,95MAY11,GSANO,95MAY11 1109,....... ....,
GFNE,QC,GSLOGLOG,20,1-May-17,CSCHWIEGE,06MAY10 1213,....... ....,
GGWY,HH,GSSHIFT2,2,14-Jul-30,CSCHWIEGE,14AUG28 1526,....... ....,
GGWY,Q,GSLOG2,5,95JUN12,BCANNON,14AUG29 1300,....... ....,
GHICANCO,Q,LINEAR,56,90JUL16,CLORA,01OCT16 1056,....... ....,
GHICANCO,QC,LINEAR,56,90JUL16,CLORA,01OCT16 1150,....... ....,
GIBR,ACE,ACECOEF,85,89MAY08,NPHELPS,14JUN10 1507,....... ....,
GIBR,ACEOLD,ACECOEF,36,89MAY08,NPHELPS,13JAN29 1353,....... ....,
GIBR,NJP,LINEAR,141,87JAN14,NPHELPS,97OCT06 0732,....... ....,
GIBR,OLD,ACECOEF,36,89MAY08,NPHELPS,04APR23 1051,....... ....,
GIBR,OLD30,LINEAR,152,87JAN14,NPHELPS,04JUN24 1535,....... ....,
GIBR,QS,LINEAR,14,88APR26,,88APR26 0835,....... ....,
GIBR,RA1,LINEAR,14,88APR26,NPHELPS,08MAY01 0819,....... ....,
GIBR,RB1,LINEAR,14,88APR26,NPHELPS,08MAY01 1334,....... ....,
GIBR,RC1,LINEAR,14,88APR26,NPHELPS,08MAY01 1334,....... ....,
GIBR,RD1,LINEAR,14,88APR26,NPHELPS,08MAY01 1334,....... ....,
GIBR,RE1,LINEAR,14,88APR26,NPHELPS,08MAY01 1335,....... ....,
GIBR,RF1,LINEAR,14,88APR26,NPHELPS,08MAY01 1335,....... ....,
GLARESCO,AF,LINEAR,13,10-May-14,CLORA,10MAY14 1014,....... ....,
GLASGOMT,QC,GSLOGLOG,23,90FEB22,SGUENTHNE,93APR21 0758,....... ....,
GLER,ACE,ACECOEF,69,96OCT23,CSCHWIEGE,12OCT01 0710,....... ....,
GLER,AF,LINEAR,201,91SEP09,GSANO,91SEP09 0809,....... ....,
GLER,TEMP,ACECOEF,69,96OCT23,CSCHWIEGE,12SEP28 1018,....... ....,
GLWY,Q,GSLOGLOG,9,95JUN12,CSCHWIEGE,05SEP28 0926,....... ....,
GOWY,Q,GSLOGLOG,11,95JUN15,LBURT,03NOV20 1423,....... ....,
GRAR,AF,LINEAR,49,91SEP09,GSANO,91SEP09 0815,....... ....,
GRARESCO,AF,LINEAR,123,90JUL16,CLORA,11SEP28 1402,....... ....,
GRDVALCO,QC,LINEAR,51,90JUL16,CLORA,01OCT16 1146,....... ....,
GREELCCO,QC,LINEAR,30,91JAN30,CLORA,03MAY20 1021,....... ....,
GRERESCO,AF,LINEAR,107,90JUL11,CLORA,03JAN15 1552,....... ....,
GRGM,HH,GSSHIFT2,3,92JUL21,NPHELPS,14SEP11 1342,....... ....,
GRGM,Q,GSLOG2,61,88OCT04,NPHELPS,15JUL11 0510,....... ....,
GRMY,HH,GSSHIFT2,3,6-Jun-13,CSCHWIEGE,15JUL15 0850,....... ....,
GRMY,Q,GSLOG2,7,6-Jun-13,CSCHWIEGE,14APR16 1335,....... ....,
GRNDIVCO,QC,LINEAR,27,91JUN03,CLORA,05MAY11 1528,....... ....,
GRWY,Q,GSLOGLOG,6,87MAY04,LBURT,04APR01 1449,....... ....,
GUER,AF,LINEAR,101,91SEP06,GSANO,91SEP06 1505,....... ....,
GUWY,AF,LINEAR,101,10-Feb-26,CSCHWIEGE,10FEB26 1309,....... ....,
HALDIVCO,Q,GSLOGLOG,49,91JUN03,MHENNEBER,15MAY28 0510,....... ....,
HARLEMMT,QC,GSLOGLOG,6,90FEB22,SGUENTHNE,92MAY21 0926,....... ....,
HAUM,,GSSHIFT2,2,14-Aug-20,SMICEK,14SEP25 0908,....... ....,
HAUM,HH,GSSHIFT2,2,92JUL21,SMICEK,14DEC05 1105,....... ....,
HAUM,Q,GSLOG2,109,88DEC28,SMICEK,14DEC06 0510,....... ....,
HAUM,Q1,GSLOGLOG,5,88DEC28,NPHELPS,10AUG02 1413,....... ....,
HBNE,ACE,ACECOEF,37,99JAN22,CSCOTT,99JAN22 1021,....... ....,
HBNE,OLDAF,LINEAR,60,94AUG24,LDEAVILA,12APR26 1523,....... ....,
HCHT,HH,GSSHIFT2,3,5-Jan-13,DKNUTESON,15JUN01 0955,....... ....,
HCHT,OLD,GSLOGLOG,31,87JAN14,LDEAVILA,07FEB27 0937,....... ....,
HCHT,Q,GSLOG2,6,87JAN14,LDEAVILA,15JUN02 1454,....... ....,
HCNE,AF,LINEAR,387,95OCT18,CSCOTT,02MAY23 0811,....... ....,
HCNE,OLD,LINEAR,106,95OCT18,LDEAVILA,02MAY22 1006,....... ....,
HCTT,HH,GSSHIFT2,3,8-Feb-07,DKNUTESON,15JUN01 0952,....... ....,
HCTT,Q,GSLOG2,35,4-Aug-11,DKNUTESON,15JUN01 0915,....... ....,
HDCO,QC,LINEAR,34,15-Mar-16,DKNUTESON,15MAR16 1144,....... ....,
HDHM,HJ,GSSHIFT2,3,92JUL21,HYDROMET,03MAY08 1756,....... ....,
HDHM,OLD,GSLOG2,43,88OCT04,NPHELPS,02JUL18 0836,....... ....,
HDHM,Q,GSLOG2,43,88OCT04,HYDROMET,03MAY08 1710,....... ....,
HDHM,QC,GSLOG2,43,88OCT04,HYDROMET,03MAY08 1745,....... ....,
HEBR,AF,LINEAR,128,87JAN14,TFELCHLE,93JUL13 1502,....... ....,
HEBR,HH,GSSHIFT2,2,92JUL21,NPHELPS,14SEP11 1341,....... ....,
HEBR,Q,GSLOG2,29,88OCT04,NPHELPS,15JUL11 0510,....... ....,
HEWY,Q,GSLOGLOG,17,88DEC28,AJENSEN,12MAY04 1045,....... ....,
HFCBBSCO,QC,LINEAR,28,1-May-09,CLORA,04DEC02 0854,....... ....,
HFCFLTCO,QC,LINEAR,45,2-May-10,MHENNEBER,06JUN12 0905,....... ....,
HFCLOVCO,Q,LINEAR,42,1-May-09,CLORA,01MAY09 1308,....... ....,
HFCLOVCO,QC,LINEAR,42,1-May-09,CLORA,01MAY11 0934,....... ....,
HFCWASCO,Q,LINEAR,134,91JAN30,JMERCHEN,91JAN30 0859,....... ....,
HFCWASCO,Q1,LINEAR,66,94AUG24,GSANO,95JUL25 1038,....... ....,
HGH,AF,SEMILOGY,180,93MAY18,NPHELPS,93MAY18 1336,....... ....,
HGH,HH,GSSHIFT2,3,93MAY18,NPHELPS,98JUN03 1427,....... ....,
HGH,Q,GSLOG2,18,93MAY18,NPHELPS,98JUN03 1421,....... ....,
HGHM,HH,GSSHIFT2,3,92JUL21,NPHELPS,13JUN25 1425,....... ....,
HGHM,HH1,GSSHIFT2,3,93MAY18,NPHELPS,08AUG25 0924,....... ....,
HGHM,Q,GSLOG2,20,92JUL21,NPHELPS,13JUN25 1425,....... ....,
HGHM,Q1,GSLOG2,18,2-Jan-23,NPHELPS,08AUG25 0924,....... ....,
HHWY,Q,GSLOGLOG,20,6-Apr-18,CSCHWIEGE,06APR18 1513,....... ....,
HHWY,QC,GSLOGLOG,31,6-Apr-18,CSCHWIEGE,08APR14 0847,....... ....,
HMMC,HH,GSSHIFT2,0,1-Mar-29,CLORA,09JAN14 1358,....... ....,
HMMC,Q,GSLOG2,33,95JUL11,CLORA,15JUL11 0510,....... ....,
HMWY,QC,GSLOGLOG,18,6-Apr-26,CSCHWIEGE,10JUL29 1021,....... ....,
HNTDIVCO,Q,LINEAR,16,91JUN03,CLORA,04SEP15 0901,....... ....,
HNTDIVCO,QC,LINEAR,16,91JUN03,CLORA,04JUN09 1313,....... ....,
HOLM,HH,GSSHIFT2,2,92JUL21,SMICEK,14DEC05 1106,....... ....,
HOLM,Q,GSLOG2,110,88DEC28,SMICEK,15JUL15 0510,....... ....,
HOLM,Q1,GSLOGLOG,27,88DEC28,NPHELPS,09SEP11 1144,....... ....,
HOMTUNCO,Q,GSLOGLOG,23,90JUL13,RMICHEL,13JUN17 1426,....... ....,
HSNE,ACE,ACECOEF,45,94AUG15,MROUSE,07JUL11 0934,....... ....,
HSNE,OLD,LINEAR,57,94JAN03,CSCOTT,02MAY28 0853,....... ....,
HTOOTHR,AF,LINEAR,208,87MAR05,CLORA,03JUN24 1429,....... ....,
HTOOTHR,Q,LINEAR,121,87JUL17,CLORA,11MAY10 1555,....... ....,
HUNTASCO,HH,GSSHIFT2,0,1-Mar-29,CLORA,09JAN14 1410,....... ....,
HUNTASCO,Q,GSLOG2,24,95JUL11,CLORA,15JUN12 0510,....... ....,
HVR,ACE,ACECOEF,20,89MAY08,NPHELPS,13APR30 0935,....... ....,
HVR,OLD,LINEAR,71,87JAN14,NPHELPS,01DEC11 1502,....... ....,
HWWY,QC,GSLOGLOG,3,6-Apr-26,CSCHWIEGE,15APR17 1320,....... ....,
HXWY,,GSLOGLOG,3,15-Apr-17,CSCHWIEGE,15APR17 1314,....... ....,
HXWY,QC,GSLOGLOG,3,6-Apr-26,CSCHWIEGE,15APR17 1317,....... ....,
ICWY,QC,GSLOGLOG,25,88AUG05,RDSMITH,04MAY26 0804,....... ....,
ILLRANCO,Q,LINEAR,13,94OCT17,GSANO,94OCT17 0807,....... ....,
IVNDIVCO,Q,GSLOGLOG,31,91JUN03,CLORA,13JUN20 1009,....... ....,
IVNDIVCO,QC,LINEAR,23,91JUN03,CLORA,05MAY11 1258,....... ....,
JAMR,ACE,ACECOEF,49,94JUL20,RMICHEL,13MAY13 1420,....... ....,
JAMR,AF,LINEAR,140,87JAN14,PDAVIDSON,95NOV01 1607,....... ....,
JAMR,QS,LINEAR,23,87JUL09,RMICHEL,11APR18 1314,....... ....,
JHNY,HJ,GSSHIFT2,0,92JUL21,CSCHWIEGE,11MAY04 1325,....... ....,
JHNY,QC,GSLOG2,3,89JAN12,CSCHWIEGE,15MAR26 1456,....... ....,
JMRCADCO,AF,LINEAR,197,95JUN28,CLORA,01OCT15 1152,....... ....,
JRMT,HH,GSSHIFT2,2,92JUL21,NPHELPS,14SEP11 1340,....... ....,
JRMT,OFF,LINEAR,1,6-Aug-24,NPHELPS,10AUG31 1316,....... ....,
JRMT,Q,GSLOG2,91,88OCT04,NPHELPS,15JUL03 0510,....... ....,
KAWY,HH,GSSHIFT2,3,92JUL21,CSCHWIEGE,15JUN29 0903,....... ....,
KAWY,Q,GSLOG2,41,88DEC28,CSCHWIEGE,10JUL22 1002,....... ....,
KCWY,QC,GSLOGLOG,4,6-Apr-24,CSCHWIEGE,15APR27 0838,....... ....,
KDNE,QC,LINEAR,470,98MAR04,CSCOTT,05APR11 1516,....... ....,
KDWY,Q,GSLOGLOG,11,98APR27,RDSMITH,02APR30 0952,....... ....,
KEYR,ACE,ACECOEF,42,94MAY03,LDEAVILA,07OCT02 0836,....... ....,
KEYR,QS,LINEAR,20,87FEB20,NPHELPS,89AUG23 1056,....... ....,
KORR,AF,LINEAR,117,91SEP09,CSCHWIEGE,10NOV15 1236,....... ....,
KOWY,Q,GSLOGLOG,10,95JUL26,RDSMITH,02MAY09 1339,....... ....,
KSKS,ACE,ACECOEF,38,94AUG15,LDEAVILA,02OCT22 1501,....... ....,
KSKS,OLDACE,ACECOEF,43,94AUG15,CSCOTT,02MAY29 0953,....... ....,
KWKS,ACE,ACECOEF,33,94AUG15,LDEAVILA,02OCT24 1637,....... ....,
KWKS,OLDAF,LINEAR,84,94AUG24,LDEAVILA,03MAR25 1626,....... ....,
KWKS,QC,LINEAR,181,00MAY15,CSCOTT,01JUN25 0753,....... ....,
LAKATLCO,Q,GSLOGLOG,37,95JUL11,RMICHEL,11OCT25 1539,....... ....,
LAKBTLCO,HH,GSSHIFT2,57,1-Mar-29,CLORA,12APR07 0444,....... ....,
LAKBTLCO,Q,GSLOG2,149,90JUL18,RMICHEL,12NOV21 1245,....... ....,
LANE,ACE,ACECOEF,8,2-May-21,CSCHWIEGE,02MAY21 1325,....... ....,
LBHM,HH,GSSHIFT2,2,92JUL21,NPHELPS,14JUN03 1106,....... ....,
LBHM,Q,GSLOG2,109,88OCT04,NPHELPS,15JUN06 0510,....... ....,
LBSM,HH,GSSHIFT2,2,92JUL21,NPHELPS,14JUN17 0937,....... ....,
LBSM,Q,GSLOG2,3,88OCT04,NPHELPS,12MAY18 1128,....... ....,
LCBM,HH,GSSHIFT2,3,92JUL21,NPHELPS,03AUG20 1458,....... ....,
LCBM,Q,GSLOG2,40,88OCT04,NPHELPS,03AUG20 1456,....... ....,
LCCY,QC,GSLOGLOG,2,7-Apr-11,CSCHWIEGE,08MAR18 0844,....... ....,
LCKS,QC,LINEAR,229,00MAY15,MROUSE,09JUL31 1400,....... ....,
LER,ACE,ACECOEF,76,89MAY08,NPHELPS,12JUL27 0820,....... ....,
LER,AF,LINEAR,180,87JAN14,HYDROMET,89MAR17 0742,....... ....,
LER,OLD,LINEAR,180,87JAN14,NPHELPS,05NOV08 0807,....... ....,
LER,OLD56,LINEAR,110,87JAN14,NPHELPS,09JAN26 0711,....... ....,
LER,OLD63,LINEAR,200,87JAN14,NPHELPS,09JAN15 0948,....... ....,
LER,QSX,LINEAR,57,87MAR16,NPHELPS,11APR07 1112,....... ....,
LER,RCX,LINEAR,21,87MAR16,NPHELPS,02JAN02 1312,....... ....,
LFCBSLCO,Q,LINEAR,34,90JUL18,EEVERAERT,90JUL18 0957,....... ....,
LFRM,AF,LINEAR,52,87JAN14,NPHELPS,08AUG14 1333,....... ....,
LGMT,HH,GSSHIFT2,3,92JUL21,NPHELPS,14SEP11 1343,....... ....,
LGMT,Q,GSLOG2,64,88AUG18,NPHELPS,15JUL11 0510,....... ....,
LGWM,HH,GSSHIFT2,2,92JUL21,NPHELPS,04MAR18 1324,....... ....,
LGWM,Q,GSLOG2,16,88OCT04,NPHELPS,03JUL14 1539,....... ....,
LHDY,HJ,GSSHIFT2,0,92JUL21,CSCHWIEGE,11MAY04 1325,....... ....,
LHDY,QC,GSLOG2,5,89JAN12,CSCHWIEGE,11MAY10 1321,....... ....,
LHWY,QC,GSLOGLOG,3,6-Apr-05,CSCHWIEGE,13APR04 0845,....... ....,
LIMR,AF,LINEAR,78,88OCT27,NPHELPS,92AUG06 1411,....... ....,
LIMR,HH,GSSHIFT2,2,92JUL21,NPHELPS,14APR30 1542,....... ....,
LIMR,Q,GSLOG2,41,88OCT04,NPHELPS,15APR03 0510,....... ....,
LINGRRCO,Q,LINEAR,19,90JUL13,CLORA,01JUL17 1549,....... ....,
LKCTURCO,Q,LINEAR,52,90JUL18,GPRICE,93OCT28 1339,....... ....,
LMNE,ACE,ACECOEF,17,2-May-21,CSCHWIEGE,02MAY21 1345,....... ....,
LOMT,HH,GSSHIFT2,2,92JUL21,NPHELPS,14SEP11 1406,....... ....,
LOMT,Q,GSLOG2,111,88OCT04,NPHELPS,15JUN30 0510,....... ....,
LPLY,HH,GSSHIFT2,2,6-Jun-13,CSCHWIEGE,15JUL16 0926,....... ....,
LPLY,Q,GSLOG2,11,6-Jun-13,CSCHWIEGE,11OCT05 1517,....... ....,
LPPWCM,HH,GSSHIFT2,3,92JUL21,NPHELPS,14SEP11 1343,....... ....,
LPPWCM,Q,GSLOG2,66,88OCT04,NPHELPS,15MAR11 0510,....... ....,
LPWY,QCLW,GSLOGLOG,5,6-May-09,CSCHWIEGE,08AUG06 0749,....... ....,
LPWY,QCU,GSLOGLOG,9,6-May-09,CSCHWIEGE,06MAY09 0859,....... ....,
LTR,ACE,ACECOEF,18,94JUL19,GSANO,94JUL19 0739,....... ....,
LTR,QS,LINEAR,180,88MAR22,LDEAVILA,99JAN05 0910,....... ....,
LVABKS,QC,LINEAR,27,00MAY15,WPECK,12AUG06 1324,....... ....,
LVKS,ACE,ACECOEF,25,94AUG15,LDEAVILA,97JUL09 1316,....... ....,
LWRV,HH,GSSHIFT2,3,92SEP01,CSCHWIEGE,15APR20 1124,....... ....,
LWRV,Q,GSLOG2,29,89JAN12,CSCHWIEGE,12SEP10 0816,....... ....,
LWWY,HH,GSSHIFT2,3,92JUL21,CSCHWIEGE,15JUN15 0925,....... ....,
LWWY,Q,GSLOG2,25,89JAN12,CSCHWIEGE,15JUN15 1040,....... ....,
MAMT,HH,GSSHIFT2,3,92JUL21,NPHELPS,14SEP11 1342,....... ....,
MAMT,Q,GSLOG2,76,88JUL05,NPHELPS,14SEP11 1328,....... ....,
MARDITCO,Q,LINEAR,17,1-May-17,CLORA,06APR27 1613,....... ....,
MARI,HH,GSSHIFT2,2,92JUL21,NPHELPS,14SEP11 1349,....... ....,
MARI,Q,GSLOG2,80,88OCT04,NPHELPS,15JUN06 0510,....... ....,
MARM,HH,GSSHIFT2,2,92JUL21,NPHELPS,14JUN03 0937,....... ....,
MARM,OFF,LINEAR,1,6-Aug-24,NPHELPS,13MAY16 0944,....... ....,
MARM,Q,GSLOG2,119,88AUG23,NPHELPS,15FEB28 0510,....... ....,
MARYSR,AF,LINEAR,40,91JAN28,CLORA,03DEC18 1407,....... ....,
MAWY,Q,LINEAR,100,87JUL17,PDAVIDSON,92OCT15 1412,....... ....,
MBGT,Q,GSLOGLOG,6,4-Mar-11,LDEAVILA,04SEP10 1037,....... ....,
MBWY,Q,GSLOGLOG,34,88AUG15,AJENSEN,12APR27 1401,....... ....,
MCABNE,Q,GSLOGLOG,14,98APR30,WPECK,12SEP20 1416,....... ....,
MCARNE,Q,GSLOGLOG,34,98APR30,MROUSE,10JUN28 1247,....... ....,
MCBLNE,Q,GSLOGLOG,24,98APR30,WPECK,12SEP20 1039,....... ....,
MCCM,HH,GSSHIFT2,2,92JUL21,NPHELPS,10APR19 1421,....... ....,
MCCM,Q,GSLOG2,18,88OCT04,NPHELPS,08APR18 1243,....... ....,
MCDH,AF,LINEAR,47,87JUN19,RMICHEL,12APR17 1035,....... ....,
MCDH,AFOLD,LINEAR,99,87JUN19,LDEAVILA,12MAY04 1603,....... ....,
MCDH,AR,LINEAR,34,12-Apr-09,LDEAVILA,12MAY11 0830,....... ....,
MCDH,QS,LINEAR,15,87JUL09,PDAVIDSON,91JUL17 1431,....... ....,
MCNE,QC,GSLOGLOG,2,3-Apr-29,CSCOTT,04MAY25 1153,....... ....,
MCUBYPCO,Q,LINEAR,21,91JUN03,CLORA,05MAY11 1314,....... ....,
MCUDIVCO,Q,LINEAR,21,91JUN03,CLORA,05MAY11 1325,....... ....,
MCUDIVCO,QC,LINEAR,21,91JUN03,CLORA,05MAY11 1308,....... ....,
MCVM,HH,GSSHIFT2,3,92JUL21,NPHELPS,14SEP11 1347,....... ....,
MCVM,Q,GSLOG2,74,88OCT04,NPHELPS,15JUN06 0510,....... ....,
MCWY,Q,GSLOGLOG,39,2-Apr-17,CSCHWIEGE,02APR17 1403,....... ....,
MDNE,QC,LINEAR,373,98MAR04,WPECK,15JUN30 1225,....... ....,
MDWNE,QC,LINEAR,33,10-Jul-01,WPECK,14AUG15 0648,....... ....,
MELM,HH,GSSHIFT2,2,92JUL21,NPHELPS,14SEP11 1340,....... ....,
MELM,Q,GSLOG2,78,88DEC28,NPHELPS,15JUL08 0510,....... ....,
MFBM,HH,GSSHIFT2,2,92JUL21,NPHELPS,14SEP11 1347,....... ....,
MFBM,Q,GSLOG2,132,88OCT04,NPHELPS,15JUN13 0510,....... ....,
MGFM,HH,GSSHIFT2,3,92JUL21,SMICEK,14SEP04 1354,....... ....,
MGFM,Q,GSLOG2,61,88OCT04,NPHELPS,15JUN13 0510,....... ....,
MGNE,QC,LINEAR,41,1-May-17,RDSMITH,02MAY14 1020,....... ....,
MHVM,HH,GSSHIFT2,3,92JUL21,NPHELPS,14JUN17 0919,....... ....,
MHVM,Q,GSLOG2,105,88OCT04,NPHELPS,15JUN19 0510,....... ....,
MICGOUCO,Q,LINEAR,12,94OCT17,GSANO,94NOV21 1045,....... ....,
MIDDIVCO,Q,LINEAR,16,91JUN03,CLORA,04SEP15 0901,....... ....,
MIDDIVCO,QC,LINEAR,16,91JUN03,CLORA,04JUN09 1314,....... ....,
MLKACCT,EVAP,GSLOGLOG,21,97MAY29,NPHELPS,02JUN05 1448,....... ....,
MLS,HH,GSSHIFT2,2,92JUL21,NPHELPS,13JUL16 1016,....... ....,
MLS,Q,GSLOG2,7,88AUG18,NPHELPS,06AUG30 1051,....... ....,
MLTO,HH,GSSHIFT2,1,92JUL21,NPHELPS,09JUN23 1024,....... ....,
MLTO,Q,GSLOG2,3,88OCT04,NPHELPS,09JUN23 1026,....... ....,
MNVM,HH,GSSHIFT2,2,92JUL21,NPHELPS,07OCT19 1026,....... ....,
MNVM,Q,GSLOG2,7,88OCT04,NPHELPS,04MAY18 1131,....... ....,
MORDIVCO,Q,LINEAR,21,91JUN03,CLORA,05MAY11 1459,....... ....,
MORDIVCO,QC,LINEAR,21,91JUN03,CLORA,05MAY11 1504,....... ....,
MPWY,HH,GSSHIFT2,2,10-Jun-15,CSCHWIEGE,15JUN05 0928,....... ....,
MPWY,Q,GSLOG2,12,6-Apr-13,CSCHWIEGE,12MAR20 0842,....... ....,
MRCM,HH,GSSHIFT2,2,92JUL21,NPHELPS,14SEP11 1342,....... ....,
MRCM,Q,GSLOG2,27,88OCT04,NPHELPS,15MAY08 0510,....... ....,
MRDM,HH,GSSHIFT2,3,92JUL21,NPHELPS,14SEP16 1403,....... ....,
MRDM,Q,GSLOG2,277,88OCT04,NPHELPS,15MAY13 0510,....... ....,
MREC,HH,GSSHIFT2,2,92JUL21,NPHELPS,14SEP11 1353,....... ....,
MREC,OFF,LINEAR,2,6-Aug-24,NPHELPS,15JUL02 0910,....... ....,
MREC,Q,GSLOG2,96,88DEC28,NPHELPS,15JUL02 0510,....... ....,
MRHM,HH,GSSHIFT2,2,92JUL21,NPHELPS,14SEP16 1403,....... ....,
MRHM,Q,GSLOG2,257,88NOV15,NPHELPS,15JUN27 0510,....... ....,
MRLM,HH,GSSHIFT2,3,92JUL21,NPHELPS,13JUL09 1004,....... ....,
MRLM,Q,GSLOG2,48,88OCT04,NPHELPS,14SEP11 1328,....... ....,
MRMM,HH,GSSHIFT2,2,92JUL21,NPHELPS,14SEP11 1401,....... ....,
MRMM,Q,GSLOG2,223,88OCT04,NPHELPS,15MAY13 0510,....... ....,
MRMR,HH_M,GSSHIFT2,3,3-May-08,NPHELPS,09SEP04 1403,....... ....,
MRMR,Q_M,GSLOG2,49,88AUG18,NPHELPS,03OCT10 0954,....... ....,
MRNE,ACE,ACECOEF,49,5-Oct-25,LDEAVILA,05OCT25 1004,....... ....,
MRNE,OLDAF,LINEAR,129,94JAN03,LDEAVILA,05OCT25 1132,....... ....,
MRNE,QC,LINEAR,47,98MAY18,JWERGIN,98MAY18 1418,....... ....,
MRTM,HH,GSSHIFT2,3,92JUL21,NPHELPS,14SEP11 1403,....... ....,
MRTM,Q,GSLOG2,292,88OCT04,NPHELPS,15MAY30 0510,....... ....,
MRWC,HH_M,GSSHIFT2,3,92JUL21,NPHELPS,09SEP03 0818,....... ....,
MRWC,Q_M,GSLOG2,63,88AUG18,NPHELPS,09MAY05 1449,....... ....,
MTELFBCO,ACE,ACECOEF,15,94NOV29,MHENNEBER,07FEB08 1035,....... ....,
MUDKRECO,HH,GSSHIFT2,0,2-Apr-26,CLORA,09JAN14 1352,....... ....,
MUDKRECO,Q,GSLOG2,62,2-Apr-26,CLORA,15JUL10 0510,....... ....,
MUTT,HH,GSSHIFT2,2,92JUL21,DKNUTESON,15JUL01 1006,....... ....,
MUTT,OLD,SEMILOGY,28,87JAN14,LDEAVILA,05JUN17 1036,....... ....,
MUTT,Q,GSLOG2,30,87JAN14,DKNUTESON,15JUL01 1010,....... ....,
MWYM,HH,GSSHIFT2,3,92JUL21,NPHELPS,14SEP11 1341,....... ....,
MWYM,OFF,LINEAR,2,6-Aug-24,NPHELPS,15JUN30 1120,....... ....,
MWYM,Q,GSLOG2,24,88OCT04,NPHELPS,15JUL11 0510,....... ....,
NAMT,HH,GSSHIFT2,2,92JUL21,NPHELPS,14SEP11 1403,....... ....,
NAMT,Q,GSLOG2,291,88AUG19,NPHELPS,15JUL11 0510,....... ....,
NASTY,AF,LINEAR,58,91APR01,LDEAVILA,12APR20 1202,....... ....,
NASTY,AR,LINEAR,30,12-Apr-12,LDEAVILA,12APR20 1205,....... ....,
NCOT,HH,GSSHIFT2,3,92JUL21,DKNUTESON,15JUN30 0920,....... ....,
NCOT,Q,GSLOG2,13,87JAN14,DKNUTESON,15JUN30 0943,....... ....,
NCUDIVCO,Q,LINEAR,16,91JUN03,CLORA,11JUN01 0913,....... ....,
NCUDIVCO,QC,LINEAR,21,91JUN03,CLORA,05MAY11 1522,....... ....,
NELFDRMT,QC,GSLOGLOG,16,88OCT06,NPHELPS,07MAY16 1306,....... ....,
NELR,ACE,ACECOEF,36,89MAY08,NPHELPS,03APR24 1401,....... ....,
NELR,OLD,LINEAR,49,87APR09,NPHELPS,01OCT09 1026,....... ....,
NFKDIVCO,QC,LINEAR,21,91JUN03,CLORA,05MAY11 1533,....... ....,
NFMA,HH,GSSHIFT2,2,92JUL21,NPHELPS,14SEP11 1352,....... ....,
NFMA,Q,GSLOG2,93,88OCT07,NPHELPS,15JUN30 0510,....... ....,
NFMB,HH_M,GSSHIFT2,3,92JUL21,NPHELPS,09SEP04 1405,....... ....,
NFMB,Q,GSLOG2,15,88OCT07,NPHELPS,03JUN18 1113,....... ....,
NFMB,Q_M,GSLOG2,36,88AUG18,NPHELPS,09MAY05 1405,....... ....,
NFNE,QC,GSLOGLOG,13,1-May-17,CSCHWIEGE,04MAY25 1512,....... ....,
NFS,HH,GSSHIFT2,3,1-Jun-04,CSCHWIEGE,15MAY19 0803,....... ....,
NFS,OFF,LINEAR,2,6-Aug-24,CSCHWIEGE,15MAY19 0803,....... ....,
NFS,Q,GSLOG2,14,88DEC28,CSCHWIEGE,13AUG06 0802,....... ....,
NFSM,HH,GSSHIFT2,3,92JUL21,SMICEK,14AUG25 1532,....... ....,
NFSM,Q,GSLOG2,76,88DEC28,SMICEK,15MAY30 0510,....... ....,
NFWY,HH,GSSHIFT2,3,1-Apr-17,CSCHWIEGE,07APR26 1126,....... ....,
NFWY,Q,GSLOG2,6,89JAN12,CSCHWIEGE,07MAR20 1451,....... ....,
NGCL,HH,LINEAR,3,14-Sep-12,CSCHWIEGE,15APR09 1510,....... ....,
NGCL,Q,GSLOG2,28,94OCT17,CSCHWIEGE,14SEP15 0852,....... ....,
NONDIVCO,Q,LINEAR,16,91JUN03,CLORA,04SEP15 0900,....... ....,
NONDIVCO,QC,LINEAR,16,91JUN03,CLORA,04JUN09 1313,....... ....,
NORMAN,AF,LINEAR,174,90OCT23,LDEAVILA,12APR25 1248,....... ....,
NORMAN,AFOLD,LINEAR,125,90OCT23,LDEAVILA,12APR25 1132,....... ....,
NORMAN,AR,LINEAR,45,12-Apr-25,LDEAVILA,12APR25 1618,....... ....,
NPCW,Q,GSLOGLOG,8,7-Oct-11,RDSMITH,07OCT11 0823,....... ....,
NPOW,Q,GSLOGLOG,18,00JUN20,BCANNON,09FEB04 1124,....... ....,
NRBT,HH,GSSHIFT2,3,95MAY05,LDEAVILA,15JUL16 0811,....... ....,
NRBT,Q,GSLOGLOG,5,95MAY11,LDEAVILA,15JUL16 0836,....... ....,
NRMT,HH,GSSHIFT2,3,95MAY05,LDEAVILA,15JUL16 0819,....... ....,
NRMT,Q,GSLOGLOG,9,95MAY04,LDEAVILA,15JUL16 0831,....... ....,
NRTT,HH,GSSHIFT2,3,92JUL21,LDEAVILA,15JUL01 1111,....... ....,
NRTT,Q,GSLOG2,25,87JAN14,LDEAVILA,15JUL01 1119,....... ....,
NTRT,HH,GSSHIFT2,3,95MAY05,DKNUTESON,15JUL06 0829,....... ....,
NTRT,Q,GSLOG2,12,95MAY04,LDEAVILA,15JUL07 1351,....... ....,
OCAW,Q,GSLOGLOG,14,99JUN02,CSCHWIEGE,12JUL31 0729,....... ....,
OLYDAMCO,AF,ACECOEF,9,94NOV29,CLORA,03FEB27 1330,....... ....,
OLYTUNCO,HJ,GSSHIFT2,23,14-Sep-29,LDEAVILA,14SEP29 1448,....... ....,
OLYTUNCO,QC,GSLOG2,13,91JAN30,LDEAVILA,15JUN03 0913,....... ....,
ORCHIDCO,Q,LINEAR,30,1-Oct-16,CLORA,01OCT16 1140,....... ....,
ORCHIDCO,QC,LINEAR,30,1-Oct-16,CLORA,01OCT16 1147,....... ....,
OSKS,QC,LINEAR,179,9-Aug-14,LDEAVILA,09AUG14 0859,....... ....,
PATR,AF,LINEAR,218,91SEP06,BANDERSON,08APR08 1450,....... ....,
PATR,Q,GSLOGLOG,3,97AUG15,KBUCKALLE,09FEB18 1503,....... ....,
PAWY,Q,GSLOGLOG,10,8-Nov-26,CSCHWIEGE,14JUL22 1448,....... ....,
PBR,ACE,ACECOEF,35,89MAY08,EKOUMA,96OCT03 1004,....... ....,
PBR,AF_PBC,ACECOEF,10,94JUL11,JMERCHEN,94JUL11 1130,....... ....,
PBR,OLD,LINEAR,111,87APR09,NPHELPS,94MAR31 1539,....... ....,
PBR,Q,GSLOGLOG,56,99AUG04,CSCHWIEGE,99AUG04 1231,....... ....,
PBR,QED,LINEAR,31,99SEP10,CSCHWIEGE,99NOV01 1426,....... ....,
PCCM,QC,LINEAR,341,87JAN14,NPHELPS,09JUN02 0914,....... ....,
PCDM,HH,GSSHIFT2,2,92JUL21,NPHELPS,10MAY28 0957,....... ....,
PCDM,Q,GSLOG2,21,88OCT04,NPHELPS,03JUL25 1100,....... ....,
PCHM,HH,GSSHIFT2,3,92JUL21,NPHELPS,14SEP11 1401,....... ....,
PCHM,OFF,LINEAR,2,6-Aug-24,NPHELPS,15JUN30 1123,....... ....,
PCHM,Q,GSLOG2,139,88OCT04,NPHELPS,15JUL07 0510,....... ....,
PCPB,QC,LINEAR,56,2-Jun-25,CSCHWIEGE,06APR05 1044,....... ....,
PINRESCO,AF,LINEAR,34,91JAN28,CLORA,11JAN28 1403,....... ....,
PINRESCO,XY,LINEAR,29,12-Apr-10,RMICHEL,12APR10 1623,....... ....,
PIST,AF,LINEAR,98,87JAN14,LDEAVILA,07APR05 1512,....... ....,
PIST,OLD,LINEAR,180,87JAN14,LDEAVILA,07APR04 1553,....... ....,
PLACAMCO,HH,GSSHIFT2,0,1-Mar-29,CLORA,09JAN14 1408,....... ....,
PLACAMCO,Q,GSLOG2,46,95JUL11,CLORA,15MAY01 0510,....... ....,
PLAJURCO,Q,LINEAR,82,91JAN30,JMERCHEN,91JAN30 0913,....... ....,
PSHR,ACE,ACECOEF,75,89MAY08,NPHELPS,07JUN20 1430,....... ....,
PSHR,OLD,LINEAR,67,87APR10,NPHELPS,05OCT03 0828,....... ....,
PSHR,Q,LINEAR,98,91JUN03,NPHELPS,05JUL08 0718,....... ....,
PTR,ACE,ACECOEF,31,94FEB28,LDEAVILA,11JUN20 1229,....... ....,
PTR,QS,LINEAR,22,87MAR17,PDAVIDSON,93SEP10 1443,....... ....,
PUER,ACE,ACECOEF,35,94JUL20,GSANO,94JUL20 1409,....... ....,
PURBTRCO,Q,LINEAR,40,94SEP27,GSANO,94NOV07 1333,....... ....,
PURLASCO,HH,GSSHIFT2,7,94SEP09,JMERCHEN,94SEP09 0936,....... ....,
PURLASCO,Q,LINEAR,80,94SEP09,JMERCHEN,94SEP09 0945,....... ....,
PURMADCO,HH,GSSHIFT2,0,94SEP08,CLORA,09JAN14 1403,....... ....,
PURMADCO,Q,LINEAR,50,94SEP09,JMERCHEN,15JUN18 0510,....... ....,
PURNINCO,Q,LINEAR,84,94SEP09,CLORA,01OCT15 1526,....... ....,
PURTHACO,HH,GSSHIFT2,0,1-Mar-29,CLORA,09JAN14 1403,....... ....,
PURTHACO,Q,GSLOG2,119,95JUL11,CLORA,15JUL16 0510,....... ....,
PURTRICO,Q,LINEAR,1289,94SEP09,RMICHEL,11OCT27 1248,....... ....,
RBMT,HH,GSSHIFT2,2,92JUL21,SMICEK,14SEP04 1353,....... ....,
RBMT,Q,GSLOG2,208,88AUG22,RMICHEL,14OCT28 0510,....... ....,
RCWY,Q,GSLOGLOG,10,98APR27,RDSMITH,02MAY22 1325,....... ....,
RFCMERCO,Q,GSLOGLOG,16,95JUL11,MHENNEBER,06MAR27 0844,....... ....,
RIFRESCO,AF,LINEAR,70,1-Oct-19,CLORA,01OCT19 1445,....... ....,
RIFRESCO,Q,LINEAR,30,1-Oct-16,CLORA,01OCT16 1544,....... ....,
ROAASPCO,HH,GSSHIFT2,0,1-Mar-29,CLORA,09JAN14 1357,....... ....,
ROAASPCO,Q,GSLOG2,55,95JUL11,LDEAVILA,15JUN19 0510,....... ....,
ROABMCCO,Q,LINEAR,18,1-Jul-13,CLORA,11OCT26 1139,....... ....,
ROADIFCO,HH,GSSHIFT2,0,1-Mar-29,CLORA,09JAN14 1356,....... ....,
ROADIFCO,Q,LINEAR,44,1-May-09,CLORA,15APR04 0510,....... ....,
ROAEMMCO,HH,GSSHIFT2,0,1-Mar-29,CLORA,09JAN14 1356,....... ....,
ROAEMMCO,Q,GSLOG2,74,95JUL11,CLORA,15JAN23 0510,....... ....,
ROAGLECO,HH,GSSHIFT2,0,1-Mar-29,CLORA,09JAN14 1411,....... ....,
ROAGLECO,Q,GSLOG2,72,95JUL11,CLORA,15MAY22 0510,....... ....,
ROALMCCO,Q,LINEAR,16,90JUL18,CLORA,08AUG01 1221,....... ....,
RPRVNE,OLD,GSLOGLOG,3,98APR30,WPECK,13OCT16 0955,....... ....,
RPRVNE,Q,GSLOGLOG,19,3-Apr-29,MROUSE,10JUN29 0729,....... ....,
RRAM,HH,GSSHIFT2,3,92JUL21,NPHELPS,14SEP11 1338,....... ....,
RRAM,OFF,LINEAR,1,6-Aug-24,NPHELPS,12OCT22 1417,....... ....,
RRAM,Q,GSLOG2,37,88OCT04,NPHELPS,15JUL03 0510,....... ....,
RRBM,HH,GSSHIFT2,2,92JUL21,NPHELPS,14SEP11 1338,....... ....,
RRBM,Q,GSLOG2,51,88OCT04,NPHELPS,15JUN16 0510,....... ....,
RRCM,HH,GSSHIFT2,2,92JUL21,NPHELPS,14SEP11 1336,....... ....,
RRCM,Q,GSLOG2,38,88OCT04,NPHELPS,15JUL11 0510,....... ....,
RUERESCO,AF,LINEAR,223,91JUL10,CLORA,04OCT05 1650,....... ....,
RUERESCO,Q,LINEAR,38,91JUL10,GSANO,91JUL10 1247,....... ....,
RUMT,HH,GSSHIFT2,3,92JUL21,NPHELPS,14SEP11 1351,....... ....,
RUMT,Q,GSLOG2,149,88OCT04,NPHELPS,15JUN30 0510,....... ....,
RVCY,Q,GSLOGLOG,5,11-May-04,CSCHWIEGE,11MAY06 1029,....... ....,
RVCY,QC,GSLOGLOG,8,7-Apr-11,CSCHWIEGE,11MAY06 0756,....... ....,
RWABNE,Q,GSLOGLOG,27,98APR30,MROUSE,10JUN29 0748,....... ....,
RWNE,QR,LINEAR,40,99AUG31,LDEAVILA,99AUG31 1328,....... ....,
SACO,HH,GSSHIFT2,3,92JUL21,NPHELPS,14SEP11 1402,....... ....,
SACO,Q,GSLOG2,224,88AUG22,NPHELPS,15MAY20 0510,....... ....,
SANFORD,AF,LINEAR,353,91APR01,LDEAVILA,12APR26 1623,....... ....,
SANFORD,AFOLD,LINEAR,15,91APR01,LDEAVILA,12MAY04 1559,....... ....,
SANFORD,AR,LINEAR,40,12-Apr-25,LDEAVILA,12APR26 1551,....... ....,
SAYR,Q,GSLOGLOG,15,91APR01,GSANO,91APR08 0951,....... ....,
SCSM,HH,GSSHIFT2,3,92JUL21,NPHELPS,03SEP12 1102,....... ....,
SCSM,Q,GSLOG2,5,88OCT04,NPHELPS,03MAR04 0808,....... ....,
SCWY,HH,GSSHIFT2,2,6-May-16,CSCHWIEGE,15JUL15 0856,....... ....,
SCWY,Q,GSLOG2,5,4-Apr-21,CSCHWIEGE,15MAY06 1011,....... ....,
SEDT,HH,GSSHIFT2,3,4-Aug-11,LDEAVILA,15JUN04 1428,....... ....,
SEDT,Q,GSLOG2,29,4-Aug-11,LDEAVILA,15JUN04 1437,....... ....,
SEMR,ACE,ACECOEF,25,8-May-14,CSCHWIEGE,08MAY14 0832,....... ....,
SEMR,AF,LINEAR,40,91SEP06,CSCHWIEGE,08MAY15 1521,....... ....,
SEUT,HH,GSSHIFT2,3,4-Aug-11,LDEAVILA,15JUN15 0845,....... ....,
SEUT,Q,GSLOG2,23,4-Aug-11,DKNUTESON,15APR03 1026,....... ....,
SFKDIVCO,Q,LINEAR,16,91JUN03,MHENNEBER,06MAR27 0907,....... ....,
SFKDIVCO,QC,LINEAR,14,91JUN03,CLORA,05MAY12 0919,....... ....,
SFKSM,HH,GSSHIFT2,1,92JUL21,NPHELPS,08AUG12 1029,....... ....,
SFKSM,Q,GSLOG2,63,88OCT04,NPHELPS,15JUL02 0510,....... ....,
SFLM,HH,GSSHIFT2,2,92JUL21,NPHELPS,08JUL31 0931,....... ....,
SFLM,Q,GSLOG2,3,88OCT04,NPHELPS,07AUG01 0954,....... ....,
SFMM,HH,GSSHIFT2,3,92JUL21,NPHELPS,08AUG12 1122,....... ....,
SFMM,Q,GSLOG2,13,88OCT04,NPHELPS,07OCT19 1057,....... ....,
SFOC,HH,GSSHIFT2,2,1-Jun-04,CSCHWIEGE,11MAR31 1508,....... ....,
SFOC,Q,GSLOG2,14,98AUG18,CSCHWIEGE,15MAR19 0856,....... ....,
SFOY,Q,GSLOGLOG,9,89JAN12,CSCHWIEGE,12SEP27 1245,....... ....,
SFS,HH,GSSHIFT2,3,1-Jun-04,CSCHWIEGE,15JUN09 0901,....... ....,
SFS,OFF,LINEAR,2,9-Aug-05,CSCHWIEGE,15JUN10 1108,....... ....,
SFS,Q,GSLOG2,9,88DEC28,CSCHWIEGE,13NOV26 0805,....... ....,
SFVY,HH,GSSHIFT2,3,1-Jun-04,CSCHWIEGE,15MAY20 1028,....... ....,
SFVY,OFF,LINEAR,2,8-Jun-05,CSCHWIEGE,15MAR26 1357,....... ....,
SFVY,Q,GSLOG2,2,88OCT04,CSCHWIEGE,14JUN27 0822,....... ....,
SGWY,Q,LINEAR,66,96MAY09,CSCHWIEGE,09JUN12 1242,....... ....,
SHAM,HH,GSSHIFT2,3,8-Mar-28,LDEAVILA,15JUL14 1439,....... ....,
SHAM,Q,GSLOG2,15,8-Mar-28,LDEAVILA,15JUL14 1442,....... ....,
SHARESCO,AF,LINEAR,19,90JUL16,CLORA,11JAN28 1354,....... ....,
SHER,ACE,ACECOEF,39,89MAY08,NPHELPS,05OCT21 1405,....... ....,
SHER,ACEOLD,ACECOEF,65,89MAY08,NPHELPS,05OCT21 1226,....... ....,
SHER,NJP,LINEAR,69,87JAN14,NPHELPS,03OCT28 0732,....... ....,
SHER,OLD,LINEAR,180,87JAN14,NPHELPS,02JAN14 1549,....... ....,
SHER,QS,LINEAR,6,87FEB23,TFELCHLE,89AUG21 1325,....... ....,
SHR,ACE,ACECOEF,15,95OCT19,RMICHEL,96DEC03 1029,....... ....,
SHR,QS,LINEAR,74,87FEB24,LDEAVILA,09MAR23 1259,....... ....,
SHR,RAOLD,LINEAR,35,87MAR16,RMICHEL,11JUL19 0858,....... ....,
SIDM,HH,GSSHIFT2,3,92JUL21,NPHELPS,14JUN03 1115,....... ....,
SIDM,Q,GSLOG2,233,88AUG16,NPHELPS,14OCT31 0510,....... ....,
SIWY,Q,GSLOGLOG,68,88AUG03,AJENSEN,12AUG27 0921,....... ....,
SMGM,HH,GSSHIFT2,2,92JUL21,NPHELPS,14SEP11 1407,....... ....,
SMGM,Q,GSLOG2,87,88OCT04,NPHELPS,15JUL02 0510,....... ....,
SMIM,HJ,GSSHIFT2,2,92JUL21,NPHELPS,14SEP11 1408,....... ....,
SMIM,QC,GSLOG2,73,88OCT04,NPHELPS,15APR09 0510,....... ....,
SMLM,HH,GSSHIFT2,3,92JUL21,NPHELPS,14AUG14 0904,....... ....,
SMLM,Q,GSLOG2,56,88OCT04,NPHELPS,15JUN10 0510,....... ....,
SMTT,HH,GSSHIFT2,3,4-Apr-20,DKNUTESON,15JUL06 0903,....... ....,
SMTT,Q,GSLOG2,7,87JAN14,DKNUTESON,15JUL06 0905,....... ....,
SNST,HH,GSSHIFT2,3,4-Aug-11,DKNUTESON,15APR07 0842,....... ....,
SNST,Q,GSLOG2,31,4-Aug-11,LDEAVILA,11FEB09 0826,....... ....,
SNYD,Q,GSLOGLOG,18,91APR01,GSANO,91APR05 0705,....... ....,
SOAWKS,Q,GSLOGLOG,6,98APR30,MROUSE,10JUN29 0856,....... ....,
SOGEKS,Q,GSLOGLOG,12,98APR30,MROUSE,10JUN29 0815,....... ....,
SOGLKS,Q,GSLOGLOG,7,98APR30,MROUSE,06APR17 0943,....... ....,
SOOSKS,Q,GSLOGLOG,10,98APR30,MROUSE,10JUN29 0820,....... ....,
SOPRKS,Q,GSLOGLOG,10,98APR30,MROUSE,10JUN29 0806,....... ....,
SPNE,QC,LINEAR,248,00MAY15,VWALZEM,11OCT25 0949,....... ....,
SRAM,HH,GSSHIFT2,2,92JUL21,NPHELPS,14JAN23 0922,....... ....,
SRAM,OFF,LINEAR,3,6-Aug-24,NPHELPS,15JUN15 0744,....... ....,
SRAM,Q,GSLOG2,68,88OCT04,NPHELPS,14SEP11 1348,....... ....,
SRBB,Q,GSLOGLOG,20,88DEC28,CSCHWIEGE,15JUN24 1532,....... ....,
SRBM,HH,GSSHIFT2,2,92JUL21,NPHELPS,13MAY16 0850,....... ....,
SRBM,Q,GSLOG2,32,88OCT04,NPHELPS,15APR25 0510,....... ....,
SRBW,Q,GSLOGLOG,9,1-Apr-23,CSCHWIEGE,03APR17 1516,....... ....,
SRDM,QR,LINEAR,191,90JUL17,NPHELPS,09DEC10 1551,....... ....,
SREM,HH,GSSHIFT2,2,92JUL21,NPHELPS,15MAY05 0941,....... ....,
SREM,Q,GSLOG2,26,88OCT04,NPHELPS,15MAY05 0937,....... ....,
SRLM,HH,GSSHIFT2,3,92JUL21,NPHELPS,14SEP11 1405,....... ....,
SRLM,Q,GSLOG2,64,88OCT04,NPHELPS,15MAR14 0510,....... ....,
SRLY,HH,GSSHIFT2,3,92JUL21,CSCHWIEGE,15JUN12 1549,....... ....,
SRLY,Q,GSLOG2,3,88DEC28,CSCHWIEGE,13APR15 1259,....... ....,
SRSM,HH,GSSHIFT2,2,92JUL21,NPHELPS,14SEP11 1346,....... ....,
SRSM,Q,GSLOG2,94,88OCT04,NPHELPS,15JUN06 0510,....... ....,
SRST,HH,GSSHIFT2,3,4-Mar-24,LDEAVILA,15JUN08 1150,....... ....,
SRST,Q,GSLOG2,13,3-May-30,LDEAVILA,15JUN08 1307,....... ....,
SRWY,Q,GSLOGLOG,8,96MAY09,CSCHWIEGE,03JUN20 1545,....... ....,
SRWY,QC,GSLOGLOG,4,96MAY09,CSCHWIEGE,14APR24 0743,....... ....,
STMB,HH,GSSHIFT2,2,88OCT07,NPHELPS,14SEP11 1408,....... ....,
STMB,OFF,LINEAR,1,6-Aug-24,NPHELPS,12OCT18 0737,....... ....,
STMB,Q,GSLOG2,60,88DEC28,CJORDAN,15JUL01 0510,....... ....,
STMC,HJ,GSSHIFT2,2,92JUL21,NPHELPS,14SEP11 1408,....... ....,
STMC,QC,GSLOG2,68,88APR14,NPHELPS,14SEP26 0750,....... ....,
SUCT,HH,GSSHIFT2,2,92JUL21,DKNUTESON,15JUL07 1020,....... ....,
SUCT,Q,GSLOG2,26,87JAN14,DKNUTESON,15JUL07 1023,....... ....,
SUKT,HH,GSSHIFT2,3,92JUL21,LDEAVILA,15JUN25 1031,....... ....,
SUKT,Q,GSLOG2,10,91APR24,LDEAVILA,15JUN25 1050,....... ....,
SUTT,HH,GSSHIFT2,2,92JUL21,LDEAVILA,13JAN04 0918,....... ....,
SUTT,Q,GSLOG2,10,87JAN14,LDEAVILA,09DEC04 0849,....... ....,
SVCPLACO,Q,LINEAR,105,93JUN23,CLORA,02JUN06 1207,....... ....,
SVSLYOCO,QC,LINEAR,47,1-Jun-12,CLORA,01JUN12 1050,....... ....,
SWBM,Q,GSLOGLOG,9,88OCT04,SGUENTHNE,97JUN05 1517,....... ....,
SWNE,Q,GSLOGLOG,12,3-Apr-29,MROUSE,10JUN29 0742,....... ....,
SWTR,AF,LINEAR,149,88OCT27,NPHELPS,07SEP19 0709,....... ....,
SWTR,QS,LINEAR,19,88APR26,NPHELPS,08MAY30 1414,....... ....,
SWWY,Q,GSLOGLOG,3,88AUG03,AJENSEN,13APR24 1407,....... ....,
SXBM,HH,GSSHIFT2,2,92JUL21,NPHELPS,15APR27 0730,....... ....,
SXBM,Q,GSLOG2,69,88OCT04,NPHELPS,15JUL07 0510,....... ....,
TCEDNE,Q,GSLOGLOG,2,98APR30,CSCOTT,05APR20 0804,....... ....,
TCNPNE,,GSLOGLOG,2,15-May-28,WPECK,15JUN16 1026,....... ....,
TCNPNE,OLD,GSLOGLOG,2,98APR30,WPECK,15MAY28 1216,....... ....,
TCNPNE,Q,GSLOGLOG,5,3-Apr-24,MROUSE,10JUN29 0736,....... ....,
TCRVNE,Q,GSLOGLOG,22,98APR30,WPECK,13NOV20 1234,....... ....,
TEST,HH,GSSHIFT2,31,4-Aug-11,LDEAVILA,11FEB09 0824,....... ....,
TEST,Q,GSLOGLOG,31,4-Aug-11,LDEAVILA,11FEB09 0822,....... ....,
TETM,HH,GSSHIFT2,2,92JUL21,NPHELPS,14SEP11 1350,....... ....,
TETM,Q,GSLOG2,90,88OCT04,NPHELPS,15JUN06 0510,....... ....,
TFMT,HH,GSSHIFT2,3,92JUL21,NPHELPS,14SEP11 1341,....... ....,
TFMT,Q,GSLOG2,88,88AUG18,NPHELPS,15JUN06 0510,....... ....,
TFOM,HH,GSSHIFT2,2,92JUL21,NPHELPS,15JUL13 0954,....... ....,
TFOM,Q,GSLOG2,3,88OCT04,NPHELPS,13MAR14 1252,....... ....,
TFWY,QC,GSLOGLOG,4,7-Jun-06,CSCHWIEGE,09JUL16 1338,....... ....,
TLBM,HH,GSSHIFT2,2,92JUL21,NPHELPS,14SEP11 1406,....... ....,
TLBM,Q,GSLOG2,65,88OCT04,SMICEK,15JUN06 0510,....... ....,
TMRM,HH,GSSHIFT2,1,92JUL21,NPHELPS,14AUG14 1111,....... ....,
TMRM,OFF,LINEAR,3,6-Aug-24,NPHELPS,15JUN05 0728,....... ....,
TMRM,Q,GSLOG2,90,88DEC28,NPHELPS,15JUN05 0510,....... ....,
TOMS,ACE,ACECOEF,35,12-Apr-30,LDEAVILA,12APR30 1320,....... ....,
TOMS,AF,LINEAR,78,90OCT23,RMICHEL,12APR27 1117,....... ....,
TOMT,HH,GSSHIFT2,3,92JUL21,NPHELPS,14SEP11 1343,....... ....,
TOMT,Q,GSLOG2,111,88AUG22,NPHELPS,15JUN26 0510,....... ....,
TRCM,HH,GSSHIFT2,3,92JUL21,NPHELPS,14SEP11 1349,....... ....,
TRCM,Q,GSLOG2,47,88OCT04,NPHELPS,15JUL08 0510,....... ....,
TRDM,HH,GSSHIFT2,2,92JUL21,NPHELPS,04APR28 1031,....... ....,
TRDM,Q,GSLOG2,15,88DEC28,NPHELPS,04MAR18 1333,....... ....,
TRGT,AF,LINEAR,116,87JUN19,LDEAVILA,12MAY04 1543,....... ....,
TRGT,AF_SC,LINEAR,21,87JUN19,RMICHEL,12MAY17 1616,....... ....,
TRGT,AR,LINEAR,24,12-Apr-09,LDEAVILA,12MAY04 1533,....... ....,
TRGT,AR_SC,LINEAR,21,12-Apr-09,RMICHEL,12MAY18 0957,....... ....,
TRGT,FW1,LINEAR,15,88APR26,PDAVIDSON,93APR07 1459,....... ....,
TRGT,FW2,LINEAR,16,88APR26,PDAVIDSON,93APR07 1500,....... ....,
TRGT,FW3,LINEAR,13,88APR26,PDAVIDSON,93APR07 1502,....... ....,
TRGT,QS,LINEAR,18,87JUL09,RMICHEL,00MAY23 1131,....... ....,
TRLM,HH,GSSHIFT2,3,92JUL21,NPHELPS,14AUG14 0909,....... ....,
TRLM,OFF,LINEAR,1,6-Aug-24,NPHELPS,12JUN08 0858,....... ....,
TRLM,Q,GSLOG2,70,88OCT04,NPHELPS,15JUN06 0510,....... ....,
TRMT,HH,GSSHIFT2,3,92JUL21,NPHELPS,13AUG05 1234,....... ....,
TRMT,Q,GSLOG2,6,88DEC28,NPHELPS,13AUG05 1236,....... ....,
TRNE,AF,LINEAR,131,94JAN03,CCOLGAN,13JAN07 0638,....... ....,
TRNE,OLD,LINEAR,131,94JAN03,LDEAVILA,02MAR13 1140,....... ....,
TSNE,Q,GSLOGLOG,6,88AUG08,CSCHWIEGE,08SEP19 1051,....... ....,
TSNE,QC,GSLOGLOG,34,90FEB24,BCANNON,10APR01 0800,....... ....,
TURQ,ACE,ACECOEF,26,94JUL20,CLORA,07JAN23 0905,....... ....,
TURQ,AF,LINEAR,122,92DEC11,JMERCHEN,92DEC11 1456,....... ....,
TURQ,Q,LINEAR,0,92DEC11,JMERCHEN,92DEC11 1455,....... ....,
TWIRESCO,AF,LINEAR,118,87MAR05,CLORA,08JUN20 1123,....... ....,
TWITUNCO,HH,GSSHIFT2,61,1-Mar-29,RMICHEL,12NOV22 0444,....... ....,
TWITUNCO,Q,GSLOG2,150,90JUL17,RMICHEL,12NOV21 1350,....... ....,
UHWY,QC,GSLOGLOG,4,6-Mar-30,CSCHWIEGE,12JAN24 1106,....... ....,
ULGE,HH,GSSHIFT2,2,92JUL21,NPHELPS,13NOV15 1021,....... ....,
ULGE,Q,GSLOG2,147,87SEP04,NPHELPS,15MAR31 0510,....... ....,
UWAY,QC,GSLOGLOG,3,11-May-10,CSCHWIEGE,15MAR26 1459,....... ....,
VAMT,HH,GSSHIFT2,2,92JUL21,NPHELPS,14SEP11 1347,....... ....,
VAMT,Q,GSLOG2,75,88OCT04,NPHELPS,15JUN06 0510,....... ....,
VIMT,HH,GSSHIFT2,2,92JUL21,NPHELPS,14NOV17 1505,....... ....,
VIMT,Q,GSLOG2,222,88OCT04,NPHELPS,14NOV18 0510,....... ....,
VNMT,HH,GSSHIFT2,2,92JUL21,NPHELPS,14SEP11 1351,....... ....,
VNMT,Q,GSLOG2,107,87APR27,NPHELPS,14SEP11 1328,....... ....,
WAKS,ACE,ACECOEF,43,94AUG15,CSCOTT,03MAR17 0755,....... ....,
WAKS,OLD,LINEAR,111,94AUG25,LDEAVILA,99APR23 1313,....... ....,
WAKS,OLD2,ACECOEF,21,94AUG15,CSCOTT,03MAR17 0722,....... ....,
WBKS,ACE,ACECOEF,50,94AUG15,LDEAVILA,02OCT24 1608,....... ....,
WBKS,OLDAF,LINEAR,89,94AUG24,LDEAVILA,03MAR26 1309,....... ....,
WCNE,ACE,ACECOEF,5,2-May-21,CSCHWIEGE,02MAY21 1330,....... ....,
WCR,ACE,ACECOEF,30,89MAY08,NPHELPS,05OCT03 0829,....... ....,
WCR,OLD,LINEAR,62,87JAN14,NPHELPS,05OCT03 0828,....... ....,
WDDY,CNL,LINEAR,17,87MAR16,TFELCHLE,92MAY20 1006,....... ....,
WDDY,RVR,LINEAR,17,87MAR16,TFELCHLE,92MAY22 1042,....... ....,
WDWY,QC,GSLOGLOG,4,13-Aug-05,CSCHWIEGE,13AUG05 1102,....... ....,
WHWY,Q,GSLOGLOG,11,88AUG03,AJENSEN,12MAY04 1316,....... ....,
WILCANCO,QC,LINEAR,22,95APR10,MHENNEBER,08JUL10 0645,....... ....,
WILRESCO,AF,LINEAR,182,90JUL16,CLORA,03SEP19 1410,....... ....,
WILWCRCO,Q,LINEAR,32,94NOV01,CLORA,04JUN07 1444,....... ....,
WINBYPCO,Q,LINEAR,451,1-May-17,RMICHEL,13JUN18 1649,....... ....,
WINDESCO,Q,LINEAR,301,1-May-09,RMICHEL,13JUN19 1311,....... ....,
WISM,HH,GSSHIFT2,3,92JUL21,NPHELPS,14SEP11 1339,....... ....,
WISM,OFF,LINEAR,2,6-Aug-24,NPHELPS,15JUN30 1124,....... ....,
WISM,Q,GSLOG2,50,88OCT04,NPHELPS,15JUN30 0510,....... ....,
WLFRESCO,AF,LINEAR,91,94OCT28,CLORA,07JUN27 1317,....... ....,
WLFRESCO,Q,LINEAR,62,94OCT28,CLORA,15JUN25 0510,....... ....,
WPMT,HH,GSSHIFT2,2,92JUL21,NPHELPS,14SEP11 1403,....... ....,
WPMT,Q,GSLOG2,171,88AUG22,NPHELPS,15APR24 0510,....... ....,
WRBD,HH,LINEAR,3,92JUL21,LBURT,05JAN24 0731,....... ....,
WRBD,HH1,LINEAR,3,92JUL21,RDSMITH,08APR08 1505,....... ....,
WRBD,Q,GSLOGLOG,30,89JAN12,CSCHWIEGE,15JUL02 0740,....... ....,
WRBD,Q1,GSLOG2,29,89JAN12,NPHELPS,93MAY07 1557,....... ....,
WRCH,HH,GSSHIFT2,3,92JUL21,CSCHWIEGE,15JUN16 1228,....... ....,
WRCH,OFF,LINEAR,2,8-Jun-05,CSCHWIEGE,15MAR26 1344,....... ....,
WRCH,Q,GSLOG2,4,89SEP18,CSCHWIEGE,12MAR19 1334,....... ....,
WRDY,HH,GSSHIFT2,3,92JUL21,CSCHWIEGE,15JUL10 1520,....... ....,
WRDY,Q,GSLOG2,2,88DEC28,CSCHWIEGE,14APR09 0939,....... ....,
WRKY,HH,GSSHIFT2,3,92JUL21,CSCHWIEGE,15JUL16 0925,....... ....,
WRKY,OFF,LINEAR,2,12-Jun-08,CSCHWIEGE,15JUL17 1107,....... ....,
WRKY,Q,GSLOG2,65,88NOV14,CSCHWIEGE,14JUL15 1006,....... ....,
WRND,HH,GSSHIFT2,3,8-Apr-21,CSCHWIEGE,15JUL10 1519,....... ....,
WRND,Q,GSLOG2,23,8-Apr-21,CSCHWIEGE,09NOV04 0806,....... ....,
WRRY,HH,GSSHIFT2,3,92JUL21,CSCHWIEGE,15JUL17 1107,....... ....,
WRRY,OFF,LINEAR,2,6-Aug-24,CSCHWIEGE,15MAR26 1345,....... ....,
WRRY,Q,GSLOG2,17,88NOV18,CSCHWIEGE,12OCT23 0745,....... ....,
WRSH,HH,GSSHIFT2,15,92JUL21,LDEAVILA,10SEP01 1122,....... ....,
WRSH,OLD,GSLOGLOG,44,92AUG31,LDEAVILA,10SEP01 1104,....... ....,
WRSH,Q,GSLOG2,15,92AUG31,LDEAVILA,10SEP01 1123,....... ....,
WRSY,HH,GSSHIFT2,2,92JUL21,CSCHWIEGE,15MAY27 1316,....... ....,
WRSY,Q,GSLOG2,5,88DEC28,CSCHWIEGE,15MAY27 1315,....... ....,
WRWD,Q,GSLOGLOG,6,3-May-05,CSCHWIEGE,15JUN12 1528,....... ....,
WURDITCO,GH,LINEAR,129,93MAR02,GSANO,93MAR02 1011,....... ....,
WURDITCO,HH,GSSHIFT2,6,1-Mar-29,MHENNEBER,06MAY17 0636,....... ....,
WURDITCO,Q,GSLOG2,21,95JUL11,MHENNEBER,06MAY17 0639,....... ....,
WUREXTCO,Q,LINEAR,130,93JUN29,GSANO,93JUN29 1350,....... ....,
WYCY,HJ,GSSHIFT2,3,6-May-26,CSCHWIEGE,08APR08 0837,....... ....,
WYCY,QC,GSLOGLOG,9,88NOV18,CSCHWIEGE,13MAR27 1430,....... ....,
WYOC,QC,GSLOGLOG,5,15-May-27,CSCHWIEGE,15MAY27 1258,....... ....,
YRCM,HH,GSSHIFT2,3,92JUL21,NPHELPS,12MAY03 1341,....... ....,
YRCM,Q,GSLOG2,111,88OCT04,NPHELPS,14SEP11 1348,....... ....,
YRFM,HH,GSSHIFT2,2,92JUL21,NPHELPS,13AUG19 1453,....... ....,
YRFM,Q,GSLOG2,136,88OCT04,NPHELPS,14SEP11 1348,....... ....,
YRGM,HH,GSSHIFT2,2,92JUL21,NPHELPS,14SEP11 1407,....... ....,
YRGM,Q,GSLOG2,177,88OCT04,NPHELPS,15JUN17 0510,....... ....,
YRLM,HH,GSSHIFT2,3,92JUL21,NPHELPS,14SEP11 1404,....... ....,
YRLM,OFF,LINEAR,3,6-Aug-24,NPHELPS,15JUL17 0741,....... ....,
YRLM,Q,GSLOG2,119,88DEC28,NPHELPS,15JUL17 0510,....... ....,
ZURICHMT,QC,GSLOGLOG,8,90FEB22,NPHELPS,01MAY31 1035,....... ....,
